libelle_region,taux_de_reussite_g,nombre_d_eleves,nb_candidats_g,note_a_l_ecrit_g,va_de_la_note_g
Martinique,100.0,285,41,10.3,-1.2
Martinique,100.0,132,32,8.3,-0.2
Bourgogne-Franche-Comté,100.0,301,67,11.2,-0.1
Hauts-de-France,100.0,400,68,10.9,0.3
La Réunion,100.0,740,111,9.2,1.1
Auvergne-Rhône-Alpes,100.0,191,33,12.0,0.7
Bretagne,100.0,196,35,12.1,2.5
Bretagne,100.0,406,92,10.7,-0.8
Nouvelle-Aquitaine,100.0,163,40,13.2,2.3
Grand Est,100.0,270,62,9.7,0.0
Centre-Val de Loire,100.0,327,39,10.5,0.9
Ile-de-France,99.0,469,78,11.6,1.4
Ile-de-France,99.0,334,91,10.2,1.2
Provence-Alpes-Côte d'Azur,99.0,1064,186,9.6,0.1
Ile-de-France,99.0,689,124,11.5,2.0
Provence-Alpes-Côte d'Azur,99.0,490,78,8.0,0.6
Ile-de-France,99.0,538,122,12.3,0.7
Occitanie,99.0,466,102,13.2,1.1
Hauts-de-France,99.0,406,78,9.0,-0.1
Hauts-de-France,99.0,669,138,10.5,0.2
Hauts-de-France,98.0,682,169,10.7,0.0
Nouvelle-Aquitaine,98.0,386,86,11.0,0.2
Grand Est,98.0,622,133,11.0,0.0
Occitanie,98.0,487,81,11.4,-0.4
Grand Est,98.0,655,121,11.6,0.8
Grand Est,98.0,666,127,9.0,-0.1
Martinique,98.0,297,51,8.1,-2.0
Martinique,98.0,143,46,6.5,-1.5
Hauts-de-France,98.0,400,63,8.8,-0.4
Bourgogne-Franche-Comté,98.0,430,99,10.2,0.7
Occitanie,98.0,228,48,12.9,1.8
Ile-de-France,98.0,545,107,13.0,1.5
Provence-Alpes-Côte d'Azur,98.0,413,96,13.8,1.1
Grand Est,98.0,655,127,12.6,1.0
Provence-Alpes-Côte d'Azur,98.0,490,82,9.5,0.9
Provence-Alpes-Côte d'Azur,98.0,530,99,9.3,0.5
Provence-Alpes-Côte d'Azur,98.0,636,144,11.2,0.0
Hauts-de-France,98.0,330,48,10.0,0.4
Guadeloupe,97.0,324,75,7.7,-0.5
Hauts-de-France,97.0,343,77,10.5,1.1
Ile-de-France,97.0,563,120,11.5,-0.1
Hauts-de-France,97.0,343,77,8.7,-0.1
Occitanie,97.0,424,66,10.7,1.3
Provence-Alpes-Côte d'Azur,97.0,294,62,10.2,-0.3
Provence-Alpes-Côte d'Azur,97.0,294,67,11.5,0.2
Pays de la Loire,97.0,813,189,12.6,0.1
Hauts-de-France,97.0,536,104,9.5,0.3
Hauts-de-France,97.0,751,155,10.9,0.2
Hauts-de-France,97.0,644,145,10.6,0.2
Provence-Alpes-Côte d'Azur,97.0,671,165,10.9,-0.2
Martinique,97.0,132,34,8.5,-1.5
Centre-Val de Loire,97.0,171,34,11.2,0.8
Bretagne,97.0,390,72,11.2,0.4
Provence-Alpes-Côte d'Azur,97.0,636,143,12.2,0.5
Occitanie,97.0,499,100,11.7,0.1
Nouvelle-Aquitaine,97.0,774,211,12.7,-0.3
Normandie,97.0,316,64,10.9,-0.8
Grand Est,97.0,685,160,11.1,-0.7
Grand Est,97.0,417,90,9.4,-1.2
Centre-Val de Loire,97.0,171,32,10.6,0.2
Nouvelle-Aquitaine,97.0,174,35,12.3,1.6
Guadeloupe,97.0,725,181,8.1,-1.4
Auvergne-Rhône-Alpes,97.0,641,140,11.2,-0.3
Provence-Alpes-Côte d'Azur,97.0,459,100,11.7,-1.2
La Réunion,97.0,740,126,10.9,0.8
Bourgogne-Franche-Comté,97.0,604,147,10.1,-0.2
La Réunion,96.0,518,97,10.3,1.2
Ile-de-France,96.0,424,83,9.6,0.2
Ile-de-France,96.0,538,122,10.9,0.9
Martinique,96.0,216,45,9.1,0.2
La Réunion,96.0,498,101,10.7,0.5
Normandie,96.0,419,78,11.2,0.2
Hauts-de-France,96.0,355,96,9.8,0.4
Ile-de-France,96.0,526,110,9.8,0.5
Provence-Alpes-Côte d'Azur,96.0,513,79,10.7,-0.8
Occitanie,96.0,514,113,10.7,0.2
Hauts-de-France,96.0,682,169,11.0,-0.1
Guadeloupe,96.0,199,55,8.1,-0.8
Nouvelle-Aquitaine,96.0,357,53,11.5,0.7
Ile-de-France,96.0,431,85,8.8,-0.8
Martinique,96.0,210,56,7.8,-1.6
Ile-de-France,96.0,323,74,9.4,0.3
Occitanie,96.0,614,100,11.8,0.3
Hauts-de-France,96.0,322,50,7.4,-0.3
Hauts-de-France,96.0,571,105,11.0,0.1
Occitanie,96.0,328,77,8.5,0.4
Corse,96.0,440,113,12.6,0.1
Normandie,96.0,399,92,13.2,1.6
Ile-de-France,96.0,781,203,11.8,-0.6
Bourgogne-Franche-Comté,96.0,604,136,9.6,0.6
Hauts-de-France,96.0,350,82,9.0,-0.1
Hauts-de-France,95.0,536,102,10.7,0.5
Ile-de-France,95.0,781,169,12.5,-0.9
Auvergne-Rhône-Alpes,95.0,680,138,11.7,0.9
Bourgogne-Franche-Comté,95.0,854,165,11.4,0.2
Bretagne,95.0,196,41,12.0,1.3
Provence-Alpes-Côte d'Azur,95.0,570,91,8.6,0.5
Grand Est,95.0,715,166,9.0,-0.4
Grand Est,95.0,242,44,9.5,-0.4
Occitanie,95.0,228,38,10.1,0.4
Auvergne-Rhône-Alpes,95.0,263,44,10.1,0.7
Ile-de-France,95.0,466,92,9.8,0.6
Provence-Alpes-Côte d'Azur,95.0,828,147,12.1,0.5
Nouvelle-Aquitaine,95.0,221,55,9.1,-0.2
Bretagne,95.0,390,56,12.2,0.5
Provence-Alpes-Côte d'Azur,95.0,393,92,9.9,-0.2
Ile-de-France,95.0,441,111,11.8,0.6
Auvergne-Rhône-Alpes,95.0,420,86,11.8,1.5
Ile-de-France,95.0,386,93,10.6,-0.1
Ile-de-France,95.0,386,88,9.1,0.1
Ile-de-France,95.0,461,114,9.4,-0.7
Grand Est,95.0,266,57,11.5,1.5
Ile-de-France,95.0,678,168,9.4,-0.6
Corse,95.0,716,146,12.1,0.5
Grand Est,95.0,413,95,10.4,0.2
Bretagne,95.0,473,105,11.0,0.1
Ile-de-France,95.0,544,128,12.0,-0.6
Ile-de-France,95.0,576,132,11.7,0.9
Grand Est,95.0,266,75,9.8,0.5
Grand Est,95.0,706,161,11.5,-0.1
Ile-de-France,95.0,841,196,11.8,0.0
Normandie,95.0,492,132,11.2,0.5
Ile-de-France,95.0,427,74,9.5,0.1
Grand Est,95.0,455,84,6.1,-1.3
Grand Est,95.0,647,124,10.4,0.0
Grand Est,95.0,305,62,9.8,0.4
Centre-Val de Loire,95.0,393,76,9.6,2.0
Hauts-de-France,95.0,380,76,10.4,0.5
Grand Est,95.0,683,134,11.8,0.7
Nouvelle-Aquitaine,95.0,547,115,9.9,-0.7
Hauts-de-France,95.0,546,111,10.4,0.5
Hauts-de-France,95.0,301,62,9.2,0.0
Ile-de-France,95.0,387,74,10.1,0.2
Provence-Alpes-Côte d'Azur,95.0,876,210,10.0,-0.4
Normandie,95.0,404,73,9.4,1.1
Martinique,95.0,218,44,9.3,-0.4
Pays de la Loire,95.0,416,96,9.8,-0.8
Grand Est,95.0,271,60,12.4,-0.3
Hauts-de-France,95.0,669,108,11.9,0.9
Martinique,95.0,285,59,7.9,-0.6
Corse,95.0,759,199,11.7,0.1
Guadeloupe,95.0,488,92,8.4,1.1
Nouvelle-Aquitaine,95.0,414,91,11.4,0.1
Corse,95.0,676,147,10.8,-0.5
Hauts-de-France,95.0,417,76,11.3,0.1
Ile-de-France,94.0,387,72,11.0,0.8
Centre-Val de Loire,94.0,484,88,9.7,-0.2
Provence-Alpes-Côte d'Azur,94.0,614,151,10.6,0.2
Hauts-de-France,94.0,560,108,8.7,-0.6
Hauts-de-France,94.0,378,99,7.9,-1.1
Bretagne,94.0,171,33,7.7,-1.0
Provence-Alpes-Côte d'Azur,94.0,449,101,10.3,-0.1
Hauts-de-France,94.0,352,71,10.8,1.4
Nouvelle-Aquitaine,94.0,582,126,10.7,-0.1
Pays de la Loire,94.0,542,94,9.9,-0.5
Provence-Alpes-Côte d'Azur,94.0,618,137,10.6,-0.4
Ile-de-France,94.0,545,111,10.7,0.2
Ile-de-France,94.0,547,127,10.0,0.7
Occitanie,94.0,499,121,12.9,0.5
Ile-de-France,94.0,602,116,11.1,0.9
Corse,94.0,716,138,10.2,-0.2
Bourgogne-Franche-Comté,94.0,122,31,12.4,1.2
Grand Est,94.0,542,109,12.1,0.7
Martinique,94.0,335,71,8.0,-0.5
Bretagne,94.0,502,116,11.0,0.0
Grand Est,94.0,428,84,10.8,0.2
Hauts-de-France,94.0,368,69,11.1,0.9
Martinique,94.0,210,65,8.1,-0.6
Nouvelle-Aquitaine,94.0,582,117,11.1,-0.3
Hauts-de-France,94.0,372,63,8.6,-0.3
Hauts-de-France,94.0,372,81,10.1,0.2
Auvergne-Rhône-Alpes,94.0,653,114,11.4,0.9
Occitanie,94.0,614,105,12.2,-0.5
Ile-de-France,94.0,509,131,10.5,1.0
Ile-de-France,94.0,466,104,11.3,-0.9
Ile-de-France,94.0,763,173,10.9,-0.4
Ile-de-France,94.0,458,102,8.8,0.0
Occitanie,94.0,501,113,11.6,-0.1
Hauts-de-France,94.0,480,96,10.0,0.6
Normandie,94.0,168,33,8.3,-0.8
Hauts-de-France,94.0,751,157,11.9,0.3
Bretagne,94.0,502,89,11.0,0.2
Hauts-de-France,94.0,372,51,9.6,0.5
Ile-de-France,94.0,737,166,9.4,-0.6
Hauts-de-France,94.0,471,106,9.2,-0.1
Occitanie,94.0,386,86,10.5,0.0
Bourgogne-Franche-Comté,94.0,276,49,8.9,1.0
Nouvelle-Aquitaine,94.0,568,103,11.4,-0.4
Guadeloupe,94.0,444,99,8.6,-0.2
Martinique,94.0,305,64,10.0,1.4
Nouvelle-Aquitaine,94.0,385,50,11.2,0.1
Grand Est,94.0,647,135,9.2,-0.4
Provence-Alpes-Côte d'Azur,94.0,527,93,9.8,-0.4
Occitanie,94.0,435,105,12.9,0.3
Normandie,93.0,388,75,10.8,1.2
Ile-de-France,93.0,429,95,7.7,-1.0
Martinique,93.0,385,69,6.5,-1.3
Nouvelle-Aquitaine,93.0,187,30,11.1,0.4
Pays de la Loire,93.0,618,143,12.2,-0.1
Nouvelle-Aquitaine,93.0,414,84,11.2,0.2
Ile-de-France,93.0,433,111,12.1,0.1
Normandie,93.0,421,104,12.4,1.9
Pays de la Loire,93.0,338,81,11.3,0.0
Normandie,93.0,343,60,10.7,1.1
Normandie,93.0,421,71,10.2,-1.4
Guadeloupe,93.0,571,122,7.2,-1.2
Ile-de-France,93.0,367,97,7.5,-1.3
Ile-de-France,93.0,476,112,8.8,-0.7
Ile-de-France,93.0,478,126,10.2,-0.3
Hauts-de-France,93.0,343,83,9.8,1.5
Auvergne-Rhône-Alpes,93.0,932,225,11.8,0.7
Bourgogne-Franche-Comté,93.0,606,97,12.1,0.6
Normandie,93.0,436,104,10.6,0.8
Bretagne,93.0,459,98,10.6,-0.9
Hauts-de-France,93.0,454,97,10.3,0.6
Nouvelle-Aquitaine,93.0,774,209,13.4,-1.0
Guadeloupe,93.0,488,87,8.6,-1.0
Hauts-de-France,93.0,224,42,8.1,-1.6
Bourgogne-Franche-Comté,93.0,287,57,10.9,0.1
Bourgogne-Franche-Comté,93.0,276,42,10.0,1.4
Nouvelle-Aquitaine,93.0,758,135,12.3,0.4
Provence-Alpes-Côte d'Azur,93.0,618,109,9.3,-0.8
Hauts-de-France,93.0,224,42,10.7,-0.7
Hauts-de-France,93.0,465,87,11.0,0.7
Occitanie,93.0,1005,241,10.8,-0.2
Guadeloupe,93.0,674,118,8.8,-1.0
Bourgogne-Franche-Comté,93.0,430,99,11.9,0.9
Normandie,93.0,436,107,9.7,0.1
Ile-de-France,93.0,450,100,10.3,0.6
Ile-de-France,93.0,523,142,10.9,0.8
Provence-Alpes-Côte d'Azur,93.0,459,111,12.0,-0.6
Auvergne-Rhône-Alpes,93.0,307,74,10.0,0.2
Grand Est,93.0,333,72,9.9,0.9
Guadeloupe,93.0,636,150,8.7,-1.8
Normandie,93.0,375,72,11.9,1.7
Grand Est,93.0,360,72,11.1,0.3
Grand Est,93.0,216,55,9.2,0.5
Martinique,93.0,441,99,7.6,-2.6
Ile-de-France,93.0,422,82,10.7,0.4
Centre-Val de Loire,93.0,392,107,10.1,-0.4
Nouvelle-Aquitaine,93.0,400,92,11.0,0.1
Corse,93.0,595,135,9.9,-0.9
Normandie,93.0,370,70,10.6,0.0
Hauts-de-France,93.0,541,107,9.5,0.2
Bretagne,93.0,217,43,10.6,0.1
Ile-de-France,93.0,427,96,9.4,1.4
Hauts-de-France,93.0,287,73,9.5,0.1
Occitanie,93.0,562,90,10.0,0.0
Provence-Alpes-Côte d'Azur,93.0,399,70,9.5,0.7
Ile-de-France,93.0,479,98,7.5,-0.2
Ile-de-France,93.0,711,152,7.4,-0.7
Bretagne,93.0,620,83,9.4,-0.2
Hauts-de-France,92.0,368,66,9.4,0.4
Bourgogne-Franche-Comté,92.0,287,61,11.0,0.0
Hauts-de-France,92.0,471,106,8.2,-0.2
Ile-de-France,92.0,458,107,9.3,0.1
Hauts-de-France,92.0,638,124,11.3,0.9
Provence-Alpes-Côte d'Azur,92.0,513,73,9.5,0.3
Ile-de-France,92.0,412,99,9.7,-0.5
Corse,92.0,595,143,10.9,-0.8
Provence-Alpes-Côte d'Azur,92.0,605,128,10.5,-0.2
Provence-Alpes-Côte d'Azur,92.0,742,171,11.0,-0.1
Provence-Alpes-Côte d'Azur,92.0,502,112,10.9,0.9
Bretagne,92.0,473,95,11.1,-0.4
Ile-de-France,92.0,474,112,12.0,0.3
Hauts-de-France,92.0,418,91,10.4,0.7
Grand Est,92.0,352,73,10.0,0.9
Ile-de-France,92.0,551,143,9.4,0.2
Occitanie,92.0,1221,290,10.2,-0.3
Hauts-de-France,92.0,479,101,10.5,0.1
Hauts-de-France,92.0,616,127,10.5,0.0
Nouvelle-Aquitaine,92.0,485,100,9.3,-0.9
Guadeloupe,92.0,444,102,8.7,-1.4
Corse,92.0,440,92,11.3,-0.2
Bourgogne-Franche-Comté,92.0,419,72,10.5,0.2
Grand Est,92.0,338,76,10.6,0.5
Hauts-de-France,92.0,458,90,10.2,1.6
Pays de la Loire,92.0,500,130,12.3,0.4
Hauts-de-France,92.0,685,142,11.1,0.6
Pays de la Loire,92.0,542,93,11.0,-0.1
Ile-de-France,92.0,756,183,9.9,0.6
Auvergne-Rhône-Alpes,92.0,686,131,9.2,-0.2
Ile-de-France,92.0,618,122,9.9,-1.1
Normandie,92.0,222,51,10.8,0.6
Ile-de-France,92.0,414,106,9.0,0.2
Provence-Alpes-Côte d'Azur,92.0,413,99,11.6,0.2
Normandie,92.0,399,74,11.8,1.0
Occitanie,92.0,637,140,11.8,0.3
Ile-de-France,92.0,466,97,10.7,-1.1
Ile-de-France,92.0,453,107,9.9,0.7
Nouvelle-Aquitaine,92.0,336,84,11.0,0.3
Nouvelle-Aquitaine,92.0,276,50,11.0,-0.3
Pays de la Loire,92.0,813,163,10.8,-1.3
Hauts-de-France,92.0,571,112,9.7,-0.7
Ile-de-France,92.0,512,95,9.2,0.5
Hauts-de-France,92.0,481,86,9.0,-0.1
Pays de la Loire,92.0,561,119,11.1,0.0
Ile-de-France,92.0,407,88,13.4,2.2
Centre-Val de Loire,92.0,284,61,11.2,0.1
Occitanie,92.0,811,170,11.2,-0.4
Ile-de-France,92.0,752,173,8.2,-0.2
La Réunion,92.0,417,84,9.4,1.2
Grand Est,92.0,342,63,10.3,1.8
Nouvelle-Aquitaine,92.0,348,91,12.8,-0.2
Auvergne-Rhône-Alpes,92.0,588,115,10.9,-0.6
Ile-de-France,92.0,479,96,9.4,-0.2
Provence-Alpes-Côte d'Azur,92.0,487,104,9.2,-0.2
Ile-de-France,92.0,732,150,10.4,0.1
Auvergne-Rhône-Alpes,92.0,536,133,9.4,0.2
Hauts-de-France,92.0,482,95,9.5,0.5
Hauts-de-France,92.0,403,83,11.0,1.4
Hauts-de-France,92.0,502,89,9.9,1.0
Provence-Alpes-Côte d'Azur,92.0,703,152,10.5,-0.7
Ile-de-France,92.0,482,101,11.3,0.2
Hauts-de-France,92.0,367,64,10.0,0.9
Nouvelle-Aquitaine,92.0,493,105,10.6,-0.1
Hauts-de-France,92.0,439,60,10.6,1.1
Bourgogne-Franche-Comté,92.0,320,71,10.3,0.2
Auvergne-Rhône-Alpes,92.0,778,135,11.2,0.5
Occitanie,92.0,455,105,11.1,0.6
Martinique,92.0,216,48,6.6,-0.6
Ile-de-France,92.0,622,132,10.6,0.5
Centre-Val de Loire,92.0,284,50,11.2,1.0
Bourgogne-Franche-Comté,92.0,498,107,10.2,0.7
La Réunion,92.0,974,152,12.4,1.1
Auvergne-Rhône-Alpes,92.0,505,74,10.6,0.6
Hauts-de-France,92.0,454,87,9.7,0.7
Martinique,92.0,383,73,8.1,-1.6
La Réunion,92.0,479,78,11.2,1.2
Normandie,92.0,380,84,10.5,0.7
Hauts-de-France,91.0,502,95,10.4,0.3
Provence-Alpes-Côte d'Azur,91.0,618,133,9.1,-0.9
Grand Est,91.0,622,137,11.5,-0.1
Provence-Alpes-Côte d'Azur,91.0,487,96,8.5,-0.5
Auvergne-Rhône-Alpes,91.0,766,181,9.8,0.8
Guadeloupe,91.0,407,88,7.8,-1.2
Occitanie,91.0,520,138,11.0,-0.1
Centre-Val de Loire,91.0,396,89,10.7,-0.4
Ile-de-France,91.0,659,129,9.7,-1.7
Centre-Val de Loire,91.0,520,128,9.4,-0.1
Provence-Alpes-Côte d'Azur,91.0,463,110,9.0,0.1
Auvergne-Rhône-Alpes,91.0,191,35,10.8,1.1
Normandie,91.0,404,82,10.1,0.4
Auvergne-Rhône-Alpes,91.0,300,56,8.8,0.7
Ile-de-France,91.0,356,74,10.2,0.4
Normandie,91.0,317,69,11.6,0.9
Ile-de-France,91.0,527,93,9.3,0.4
Ile-de-France,91.0,399,87,10.5,1.2
Pays de la Loire,91.0,315,69,10.9,-0.2
Ile-de-France,91.0,644,150,9.3,0.6
La Réunion,91.0,537,104,10.6,0.9
Ile-de-France,91.0,407,97,9.1,0.4
Nouvelle-Aquitaine,91.0,785,180,11.5,0.2
Ile-de-France,91.0,673,170,9.0,0.3
Nouvelle-Aquitaine,91.0,512,101,10.2,0.6
Corse,91.0,245,32,9.3,0.3
Provence-Alpes-Côte d'Azur,91.0,742,126,9.0,-0.6
Ile-de-France,91.0,575,117,9.2,-0.8
Corse,91.0,723,137,10.2,-0.2
Ile-de-France,91.0,650,123,9.1,-1.4
Ile-de-France,91.0,739,183,9.7,-0.1
Nouvelle-Aquitaine,91.0,369,58,10.5,0.5
Ile-de-France,91.0,466,88,8.9,-0.1
Ile-de-France,91.0,535,116,9.0,0.6
Ile-de-France,91.0,491,133,7.9,-0.2
Ile-de-France,91.0,476,110,8.2,-0.2
Hauts-de-France,91.0,382,90,11.3,0.6
Grand Est,91.0,441,90,10.9,0.0
Provence-Alpes-Côte d'Azur,91.0,652,125,10.2,0.8
Hauts-de-France,91.0,405,98,11.4,-0.1
Provence-Alpes-Côte d'Azur,91.0,727,138,9.2,-0.5
Hauts-de-France,91.0,541,103,11.4,1.0
Ile-de-France,91.0,367,79,7.2,-0.6
Ile-de-France,91.0,600,134,10.3,-0.8
Ile-de-France,91.0,431,93,8.9,-0.6
Occitanie,91.0,386,90,10.6,0.0
Normandie,91.0,388,81,12.1,0.6
Ile-de-France,91.0,415,107,11.7,-0.2
Nouvelle-Aquitaine,91.0,348,70,11.8,0.2
Auvergne-Rhône-Alpes,91.0,686,139,9.7,-0.7
Hauts-de-France,91.0,616,119,10.0,0.4
Normandie,91.0,407,68,11.1,0.7
Hauts-de-France,91.0,593,127,10.3,1.1
Auvergne-Rhône-Alpes,91.0,401,87,9.5,-0.5
Nouvelle-Aquitaine,91.0,304,68,9.8,1.1
Provence-Alpes-Côte d'Azur,91.0,325,68,10.4,-0.7
Pays de la Loire,91.0,416,95,9.0,-0.5
Nouvelle-Aquitaine,91.0,559,99,10.5,-0.6
Martinique,91.0,383,89,7.3,-0.4
Grand Est,91.0,357,64,11.1,1.2
Normandie,91.0,451,98,9.8,-0.9
Occitanie,91.0,562,97,11.4,0.8
Guadeloupe,91.0,340,65,6.9,-1.3
Grand Est,91.0,683,161,11.3,0.7
Guadeloupe,91.0,407,103,7.8,-0.9
Ile-de-France,91.0,643,149,9.1,-1.0
Ile-de-France,91.0,623,114,9.0,-0.5
Hauts-de-France,91.0,417,78,10.5,0.9
Centre-Val de Loire,91.0,262,56,10.0,1.9
Ile-de-France,91.0,478,96,8.9,-0.8
Provence-Alpes-Côte d'Azur,91.0,570,95,8.4,0.6
Provence-Alpes-Côte d'Azur,91.0,652,125,10.5,1.2
Pays de la Loire,91.0,298,44,8.9,0.5
Auvergne-Rhône-Alpes,91.0,932,203,10.1,-0.3
Auvergne-Rhône-Alpes,91.0,688,168,10.5,0.2
Occitanie,91.0,435,90,11.5,0.5
Ile-de-France,91.0,792,175,10.4,0.9
Corse,91.0,529,93,9.2,-0.8
Grand Est,91.0,513,117,9.8,0.3
Hauts-de-France,91.0,480,89,9.0,0.5
Hauts-de-France,91.0,507,114,10.1,-0.8
Ile-de-France,91.0,721,169,8.5,1.0
Centre-Val de Loire,91.0,364,81,10.7,-0.2
Ile-de-France,91.0,474,105,8.8,-0.8
Hauts-de-France,91.0,279,46,10.2,1.3
Ile-de-France,91.0,859,196,9.8,-0.2
Bourgogne-Franche-Comté,91.0,508,108,9.9,0.0
Bourgogne-Franche-Comté,91.0,301,64,9.5,-0.5
Occitanie,91.0,603,119,11.1,0.0
Grand Est,91.0,504,111,9.5,0.2
Nouvelle-Aquitaine,91.0,221,54,10.2,-0.3
Provence-Alpes-Côte d'Azur,91.0,923,191,10.3,-0.3
Ile-de-France,90.0,433,102,11.5,0.0
Grand Est,90.0,271,58,10.8,0.1
Ile-de-France,90.0,511,109,9.7,0.1
Ile-de-France,90.0,634,166,10.7,1.1
Ile-de-France,90.0,518,126,9.4,0.4
Ile-de-France,90.0,434,116,9.6,-0.2
Ile-de-France,90.0,385,97,8.3,-0.7
Nouvelle-Aquitaine,90.0,532,135,10.8,0.4
Normandie,90.0,516,96,9.1,-0.3
La Réunion,90.0,491,108,9.6,0.6
Provence-Alpes-Côte d'Azur,90.0,406,88,9.4,0.4
Grand Est,90.0,417,69,9.6,-1.5
Ile-de-France,90.0,661,132,10.3,0.2
Normandie,90.0,133,31,12.7,1.5
Auvergne-Rhône-Alpes,90.0,747,155,9.6,-0.9
Ile-de-France,90.0,737,144,10.5,0.7
Ile-de-France,90.0,523,109,10.3,0.5
Corse,90.0,283,71,11.2,0.6
Ile-de-France,90.0,637,127,9.9,0.7
Ile-de-France,90.0,798,173,9.5,-0.1
Ile-de-France,90.0,579,135,10.5,0.4
Ile-de-France,90.0,579,121,11.1,0.8
Ile-de-France,90.0,752,165,9.9,0.0
Ile-de-France,90.0,669,155,8.6,-0.8
Ile-de-France,90.0,500,115,10.1,-0.6
Corse,90.0,529,125,10.9,0.3
Guadeloupe,90.0,324,69,9.4,-0.9
Martinique,90.0,305,98,9.2,0.0
Bretagne,90.0,167,40,9.9,-0.9
Grand Est,90.0,612,129,8.9,-0.4
Occitanie,90.0,514,127,12.4,0.7
Ile-de-France,90.0,377,80,10.0,-0.4
Auvergne-Rhône-Alpes,90.0,502,89,11.0,0.8
Hauts-de-France,90.0,279,70,11.7,1.2
Ile-de-France,90.0,368,83,9.5,-0.2
Ile-de-France,90.0,353,84,8.1,-0.8
Ile-de-France,90.0,366,92,8.1,-0.1
Occitanie,90.0,285,51,10.9,0.7
Ile-de-France,90.0,763,162,8.6,-0.4
Hauts-de-France,90.0,497,86,8.9,-0.4
Ile-de-France,90.0,526,98,9.2,0.4
Martinique,90.0,516,92,7.8,-1.1
Hauts-de-France,90.0,472,88,10.0,-0.1
La Réunion,90.0,518,102,8.9,0.3
Grand Est,90.0,418,83,8.6,-0.2
Ile-de-France,90.0,356,96,8.6,-0.8
Hauts-de-France,90.0,945,230,11.9,-0.3
Provence-Alpes-Côte d'Azur,90.0,749,127,9.5,-0.1
Ile-de-France,90.0,433,106,10.9,-0.3
Nouvelle-Aquitaine,90.0,386,72,10.5,0.5
Auvergne-Rhône-Alpes,90.0,653,125,9.9,1.2
Normandie,90.0,375,88,10.6,0.7
Hauts-de-France,90.0,379,68,7.5,0.4
Auvergne-Rhône-Alpes,90.0,405,82,9.6,-0.2
Auvergne-Rhône-Alpes,90.0,270,51,10.8,2.1
Nouvelle-Aquitaine,90.0,336,62,10.2,0.8
Auvergne-Rhône-Alpes,90.0,593,125,11.2,1.0
Provence-Alpes-Côte d'Azur,90.0,795,123,8.8,-0.9
Ile-de-France,90.0,735,173,8.7,-0.9
Grand Est,90.0,576,106,9.4,1.4
Ile-de-France,90.0,675,145,9.7,0.0
Ile-de-France,90.0,841,192,10.6,-0.2
Ile-de-France,90.0,685,163,10.4,0.3
Ile-de-France,90.0,301,70,9.5,0.3
Ile-de-France,90.0,590,143,9.8,0.5
Normandie,90.0,372,87,10.7,1.0
Guadeloupe,90.0,264,59,10.1,-0.1
TOM et Collectivités territoriales,90.0,452,71,5.6,-2.2
Hauts-de-France,90.0,945,220,10.3,-0.6
Bourgogne-Franche-Comté,90.0,416,94,10.0,-1.2
Martinique,90.0,238,49,7.8,-1.1
La Réunion,90.0,983,182,10.6,0.3
Pays de la Loire,90.0,618,136,11.7,-1.2
Bretagne,90.0,558,110,11.4,-0.7
Provence-Alpes-Côte d'Azur,90.0,382,83,8.2,1.3
Provence-Alpes-Côte d'Azur,90.0,536,77,7.3,0.0
Hauts-de-France,90.0,487,115,10.1,-0.4
Hauts-de-France,90.0,311,78,9.6,-0.5
Hauts-de-France,90.0,465,108,10.5,0.1
Auvergne-Rhône-Alpes,90.0,588,105,10.4,-0.6
Hauts-de-France,90.0,419,103,9.4,0.0
Hauts-de-France,90.0,671,138,10.9,-0.3
Grand Est,90.0,790,173,10.3,0.3
Provence-Alpes-Côte d'Azur,90.0,614,125,10.2,-0.3
Ile-de-France,90.0,541,127,10.4,-0.2
Auvergne-Rhône-Alpes,90.0,620,140,10.7,0.3
Nouvelle-Aquitaine,90.0,575,118,11.2,-0.9
Bretagne,90.0,620,92,10.3,-1.0
Hauts-de-France,90.0,475,98,10.1,0.2
Hauts-de-France,90.0,323,89,9.6,-0.1
Grand Est,90.0,425,110,10.6,0.2
Auvergne-Rhône-Alpes,90.0,680,113,9.8,-0.4
Provence-Alpes-Côte d'Azur,90.0,570,126,11.1,-0.2
Ile-de-France,90.0,626,153,9.6,-0.9
Ile-de-France,90.0,534,123,9.9,-0.2
Occitanie,90.0,455,115,11.2,0.1
Hauts-de-France,90.0,488,108,11.0,0.6
Ile-de-France,90.0,594,137,8.9,1.1
Ile-de-France,90.0,548,110,10.2,0.0
Ile-de-France,90.0,527,115,9.7,-0.3
Hauts-de-France,90.0,364,86,10.1,-0.1
Provence-Alpes-Côte d'Azur,90.0,530,145,9.3,-0.1
Ile-de-France,90.0,643,138,11.7,-0.2
Occitanie,90.0,285,77,10.9,0.5
Provence-Alpes-Côte d'Azur,90.0,1064,230,10.6,-0.3
Provence-Alpes-Côte d'Azur,90.0,876,207,10.6,-0.7
Provence-Alpes-Côte d'Azur,90.0,496,113,11.0,0.5
Ile-de-France,90.0,526,119,9.1,0.5
Ile-de-France,90.0,367,87,7.8,0.0
Normandie,90.0,492,125,10.9,0.8
Nouvelle-Aquitaine,90.0,579,134,12.0,-0.5
Ile-de-France,90.0,483,116,9.2,-0.7
Hauts-de-France,90.0,500,108,8.5,0.1
Ile-de-France,90.0,584,123,10.6,0.7
Ile-de-France,89.0,509,114,10.8,0.6
Ile-de-France,89.0,711,150,8.6,-0.2
Pays de la Loire,89.0,561,102,9.5,0.2
Hauts-de-France,89.0,633,127,10.3,0.0
Normandie,89.0,372,65,10.7,0.5
Hauts-de-France,89.0,326,53,8.5,-0.2
Auvergne-Rhône-Alpes,89.0,676,149,10.3,1.0
Grand Est,89.0,504,83,12.1,0.9
Auvergne-Rhône-Alpes,89.0,418,66,8.6,-0.5
Provence-Alpes-Côte d'Azur,89.0,703,142,11.6,0.1
Occitanie,89.0,1005,211,9.5,-0.5
Grand Est,89.0,526,120,10.9,0.1
Auvergne-Rhône-Alpes,89.0,450,96,11.4,0.5
Pays de la Loire,89.0,500,111,11.5,0.3
Grand Est,89.0,269,47,10.2,1.3
Grand Est,89.0,666,123,10.1,-0.5
Auvergne-Rhône-Alpes,89.0,163,37,9.6,-0.3
Normandie,89.0,321,62,8.9,1.4
Hauts-de-France,89.0,430,99,9.4,0.5
Occitanie,89.0,603,119,10.4,-0.4
Auvergne-Rhône-Alpes,89.0,837,178,11.4,0.3
Provence-Alpes-Côte d'Azur,89.0,605,132,8.7,-1.1
Nouvelle-Aquitaine,89.0,619,118,11.3,0.2
Nouvelle-Aquitaine,89.0,682,116,9.5,1.1
Pays de la Loire,89.0,265,74,9.8,0.1
Ile-de-France,89.0,470,109,8.8,0.2
Guadeloupe,89.0,264,75,9.6,1.4
Provence-Alpes-Côte d'Azur,89.0,554,94,7.5,0.5
Pays de la Loire,89.0,511,100,11.0,0.1
Provence-Alpes-Côte d'Azur,89.0,599,132,8.2,0.6
Ile-de-France,89.0,564,125,11.2,1.1
Normandie,89.0,420,88,9.0,0.3
Auvergne-Rhône-Alpes,89.0,300,64,11.4,2.1
Provence-Alpes-Côte d'Azur,89.0,828,189,10.2,0.3
Grand Est,89.0,685,167,9.7,-0.4
Ile-de-France,89.0,630,185,9.6,0.0
Ile-de-France,89.0,598,123,9.0,-1.0
Normandie,89.0,509,109,10.9,-0.5
Grand Est,89.0,706,142,10.0,-0.3
La Réunion,89.0,403,65,8.5,0.1
Hauts-de-France,89.0,439,81,11.4,0.6
Ile-de-France,89.0,619,160,11.1,-0.4
Centre-Val de Loire,89.0,401,87,9.8,-0.3
Provence-Alpes-Côte d'Azur,89.0,497,102,8.8,0.1
Nouvelle-Aquitaine,89.0,276,63,10.1,0.8
Grand Est,89.0,237,54,11.5,1.1
Centre-Val de Loire,89.0,214,57,8.6,-0.2
La Réunion,89.0,806,188,11.6,1.6
Normandie,89.0,419,90,10.1,1.0
Grand Est,89.0,400,105,10.3,0.2
Ile-de-France,89.0,354,82,8.0,-0.9
Ile-de-France,89.0,361,89,10.4,0.0
Grand Est,89.0,669,121,10.2,0.8
Ile-de-France,89.0,542,112,11.0,0.5
Ile-de-France,89.0,511,143,10.0,0.0
Normandie,89.0,427,116,9.8,0.5
Ile-de-France,89.0,685,167,11.5,0.6
Ile-de-France,89.0,642,106,9.8,1.2
Bretagne,89.0,217,35,11.5,0.1
Grand Est,89.0,442,80,8.8,0.6
Ile-de-France,89.0,577,121,8.4,0.9
Ile-de-France,89.0,620,83,10.6,1.4
Grand Est,89.0,297,61,10.5,-0.8
Normandie,89.0,316,79,9.7,-0.2
Ile-de-France,89.0,921,219,10.0,0.0
Auvergne-Rhône-Alpes,89.0,511,80,9.8,0.9
Nouvelle-Aquitaine,89.0,568,107,10.0,0.3
Normandie,89.0,492,108,11.6,0.3
Ile-de-France,89.0,439,103,10.2,-0.3
Corse,89.0,723,117,8.7,0.0
Ile-de-France,89.0,415,110,11.5,-0.5
Guadeloupe,89.0,340,57,6.4,-2.4
Ile-de-France,89.0,986,220,9.7,-0.3
Nouvelle-Aquitaine,89.0,596,118,11.6,1.0
La Réunion,89.0,408,74,8.4,0.9
Occitanie,89.0,726,153,11.7,0.3
Ile-de-France,89.0,619,140,8.5,-0.2
Martinique,89.0,620,138,8.4,-1.6
Guadeloupe,89.0,199,47,8.4,-2.1
Ile-de-France,89.0,855,208,9.4,-0.5
Guadeloupe,89.0,219,46,6.3,-2.1
Hauts-de-France,89.0,457,109,9.9,-0.3
Provence-Alpes-Côte d'Azur,89.0,347,82,9.3,-0.8
Ile-de-France,89.0,921,209,8.2,-0.5
Ile-de-France,89.0,465,120,8.2,-0.6
Centre-Val de Loire,89.0,642,128,8.9,0.4
Grand Est,89.0,405,88,8.4,-0.1
Grand Est,89.0,306,57,9.9,0.9
Provence-Alpes-Côte d'Azur,89.0,736,157,9.1,-0.2
Ile-de-France,89.0,700,151,10.7,-0.1
Provence-Alpes-Côte d'Azur,89.0,566,95,10.1,-0.7
Occitanie,89.0,835,174,9.8,-1.0
Martinique,89.0,438,79,9.6,-0.6
Hauts-de-France,89.0,418,89,8.8,0.1
Nouvelle-Aquitaine,89.0,357,83,11.1,-0.4
Hauts-de-France,89.0,507,114,8.8,-1.3
Centre-Val de Loire,89.0,354,80,10.5,-0.4
Nouvelle-Aquitaine,89.0,315,94,11.2,0.7
Normandie,89.0,277,57,7.3,-0.4
Nouvelle-Aquitaine,89.0,829,174,11.9,-0.8
Nouvelle-Aquitaine,89.0,185,44,10.4,1.0
Hauts-de-France,89.0,647,124,8.9,0.3
Provence-Alpes-Côte d'Azur,89.0,447,97,10.5,0.5
Auvergne-Rhône-Alpes,89.0,688,149,11.8,0.2
Nouvelle-Aquitaine,89.0,785,147,10.8,0.5
Bretagne,89.0,457,100,10.2,0.7
Ile-de-France,89.0,737,182,8.3,-0.7
Auvergne-Rhône-Alpes,89.0,389,75,6.9,-0.4
La Réunion,88.0,491,90,8.9,0.8
Ile-de-France,88.0,457,93,8.1,-0.9
Ile-de-France,88.0,622,125,8.6,-0.4
Ile-de-France,88.0,643,135,10.9,-0.1
Nouvelle-Aquitaine,88.0,174,41,9.0,0.0
Auvergne-Rhône-Alpes,88.0,536,109,10.4,0.2
Hauts-de-France,88.0,671,141,11.6,1.6
Ile-de-France,88.0,461,99,8.9,0.2
Ile-de-France,88.0,986,235,9.0,-0.4
Hauts-de-France,88.0,647,144,9.8,0.6
Hauts-de-France,88.0,456,89,9.3,-0.9
Hauts-de-France,88.0,477,117,10.3,-0.5
Bourgogne-Franche-Comté,88.0,687,150,11.8,0.1
Ile-de-France,88.0,661,140,9.9,-0.1
Ile-de-France,88.0,512,107,8.5,1.5
Grand Est,88.0,403,84,7.9,0.0
Grand Est,88.0,469,93,10.2,0.9
Ile-de-France,88.0,600,155,9.1,0.5
Ile-de-France,88.0,545,111,10.7,0.6
Ile-de-France,88.0,567,140,9.0,-0.5
Ile-de-France,88.0,399,74,9.7,1.3
Auvergne-Rhône-Alpes,88.0,307,80,9.5,0.5
Nouvelle-Aquitaine,88.0,532,100,10.7,-0.6
Ile-de-France,88.0,517,112,7.4,-0.7
Hauts-de-France,88.0,546,102,8.8,-0.4
Grand Est,88.0,286,50,9.0,1.1
Occitanie,88.0,487,99,10.0,-0.6
Hauts-de-France,88.0,298,67,8.6,-0.4
Martinique,88.0,241,50,6.1,0.0
Bretagne,88.0,459,96,9.8,-0.2
Grand Est,88.0,494,112,8.0,-0.4
Normandie,88.0,492,116,11.2,0.2
Ile-de-France,88.0,575,129,8.5,-0.2
Centre-Val de Loire,88.0,329,56,9.9,0.1
Hauts-de-France,88.0,635,154,8.6,-0.3
Grand Est,88.0,576,124,8.1,1.3
Normandie,88.0,421,84,10.1,0.9
Normandie,88.0,394,95,8.8,0.0
Ile-de-France,88.0,689,130,10.1,1.6
Hauts-de-France,88.0,401,78,9.9,0.1
Hauts-de-France,88.0,147,32,9.9,-0.5
Bourgogne-Franche-Comté,88.0,499,112,9.5,-1.7
Grand Est,88.0,833,156,9.2,-0.3
Ile-de-France,88.0,424,97,9.1,0.0
Hauts-de-France,88.0,326,73,7.4,-0.1
Pays de la Loire,88.0,250,67,9.2,0.1
Bourgogne-Franche-Comté,88.0,716,159,11.6,-0.4
Bourgogne-Franche-Comté,88.0,560,121,10.7,0.0
Ile-de-France,88.0,442,164,9.2,-0.4
Normandie,88.0,515,102,10.4,0.1
Ile-de-France,88.0,564,112,8.3,0.2
Normandie,88.0,322,68,9.6,1.1
Normandie,88.0,238,60,11.5,2.1
Normandie,88.0,394,106,8.9,-0.5
Occitanie,88.0,734,188,11.2,-0.2
Ile-de-France,88.0,752,182,10.7,-0.3
Provence-Alpes-Côte d'Azur,88.0,352,67,7.0,-1.8
Nouvelle-Aquitaine,88.0,619,106,11.7,0.0
Hauts-de-France,88.0,482,95,10.3,0.4
Nouvelle-Aquitaine,88.0,733,153,11.0,-0.4
Provence-Alpes-Côte d'Azur,88.0,463,93,8.9,-0.2
Provence-Alpes-Côte d'Azur,88.0,399,101,10.2,0.6
Occitanie,88.0,431,99,10.6,0.9
Provence-Alpes-Côte d'Azur,88.0,859,183,8.7,-1.1
Occitanie,88.0,477,81,11.3,-0.2
Centre-Val de Loire,88.0,382,97,10.9,0.2
Hauts-de-France,88.0,600,103,9.2,-0.1
Occitanie,88.0,660,150,10.3,1.0
Provence-Alpes-Côte d'Azur,88.0,639,119,10.4,0.2
Hauts-de-France,88.0,638,157,9.3,0.1
Hauts-de-France,88.0,595,109,8.6,-0.2
Occitanie,88.0,500,86,10.6,0.3
Hauts-de-France,88.0,541,109,9.6,0.8
Normandie,88.0,422,93,9.8,0.0
Grand Est,88.0,347,89,8.4,-0.8
Auvergne-Rhône-Alpes,88.0,710,160,10.1,-0.7
Occitanie,88.0,605,122,11.5,1.2
Provence-Alpes-Côte d'Azur,88.0,483,101,9.0,-0.1
Provence-Alpes-Côte d'Azur,88.0,512,118,10.6,0.0
Grand Est,88.0,216,43,8.3,0.3
Pays de la Loire,88.0,442,76,9.4,0.1
Occitanie,88.0,596,128,11.2,-0.2
Normandie,88.0,217,40,11.0,0.6
Ile-de-France,88.0,642,144,10.0,0.6
Ile-de-France,88.0,431,112,8.9,-1.5
Ile-de-France,88.0,562,132,8.3,-0.7
Ile-de-France,88.0,647,159,8.7,-1.1
Nouvelle-Aquitaine,88.0,646,115,10.5,0.1
Ile-de-France,88.0,627,134,9.6,1.0
Ile-de-France,88.0,484,104,9.3,-0.6
Ile-de-France,88.0,433,121,9.2,0.1
Hauts-de-France,88.0,605,107,11.2,0.7
Ile-de-France,88.0,422,78,11.4,0.2
Auvergne-Rhône-Alpes,88.0,563,112,9.3,0.6
Hauts-de-France,88.0,585,130,9.9,0.0
Martinique,88.0,313,52,9.5,-0.6
La Réunion,88.0,657,128,12.9,1.5
La Réunion,88.0,815,169,9.5,0.9
Centre-Val de Loire,88.0,433,97,9.9,0.5
Auvergne-Rhône-Alpes,88.0,633,144,11.1,-0.7
Martinique,88.0,441,88,8.1,-1.7
Ile-de-France,88.0,711,176,10.0,0.2
Martinique,88.0,620,130,7.8,-0.9
Normandie,88.0,394,68,11.3,0.5
Hauts-de-France,88.0,311,68,9.1,0.3
Corse,88.0,759,157,10.3,-0.7
Normandie,88.0,168,33,10.1,0.4
Ile-de-France,88.0,630,141,8.4,0.0
Hauts-de-France,88.0,536,136,7.1,-0.7
Ile-de-France,88.0,605,133,7.8,-0.7
La Réunion,88.0,403,65,10.1,0.5
Centre-Val de Loire,88.0,590,112,9.4,-0.1
Ile-de-France,88.0,794,144,8.5,0.3
Martinique,88.0,335,73,7.9,-2.7
Nouvelle-Aquitaine,88.0,322,81,11.3,0.1
Auvergne-Rhône-Alpes,88.0,778,138,9.7,0.0
Auvergne-Rhône-Alpes,88.0,460,78,9.0,-0.2
Hauts-de-France,88.0,480,99,9.0,0.2
Grand Est,88.0,517,88,10.3,1.6
Provence-Alpes-Côte d'Azur,88.0,496,128,7.5,-0.2
Grand Est,88.0,267,40,10.1,1.3
Provence-Alpes-Côte d'Azur,88.0,570,136,10.2,-0.1
Occitanie,88.0,466,91,11.3,0.4
Provence-Alpes-Côte d'Azur,88.0,801,168,8.7,0.0
Ile-de-France,88.0,429,83,9.5,-0.3
Provence-Alpes-Côte d'Azur,88.0,504,119,8.8,-0.6
Ile-de-France,88.0,859,188,10.2,-0.3
Provence-Alpes-Côte d'Azur,88.0,504,77,9.6,-0.3
Provence-Alpes-Côte d'Azur,88.0,727,128,10.6,-0.3
Centre-Val de Loire,87.0,262,63,10.0,1.7
Ile-de-France,87.0,534,119,9.5,0.3
Centre-Val de Loire,87.0,642,131,9.4,0.0
Bretagne,87.0,411,77,10.4,0.5
Grand Est,87.0,606,111,9.5,-0.1
Ile-de-France,87.0,855,206,9.0,-0.2
Auvergne-Rhône-Alpes,87.0,431,95,10.2,0.8
Grand Est,87.0,526,110,10.1,-1.0
Bourgogne-Franche-Comté,87.0,606,116,10.8,0.5
Nouvelle-Aquitaine,87.0,426,90,10.7,0.5
Provence-Alpes-Côte d'Azur,87.0,406,92,11.0,0.2
Pays de la Loire,87.0,718,127,10.3,-0.1
Occitanie,87.0,352,75,9.6,-0.9
Nouvelle-Aquitaine,87.0,608,115,11.6,-0.2
Hauts-de-France,87.0,644,143,9.7,0.0
Grand Est,87.0,375,55,7.5,0.9
La Réunion,87.0,815,167,10.5,0.8
Auvergne-Rhône-Alpes,87.0,409,92,8.9,-0.7
Grand Est,87.0,494,106,9.7,0.7
Nouvelle-Aquitaine,87.0,575,130,10.5,-0.7
Normandie,87.0,207,47,9.4,-0.8
Ile-de-France,87.0,619,149,9.3,-0.4
Hauts-de-France,87.0,488,100,9.7,0.1
Hauts-de-France,87.0,584,143,10.4,0.6
Centre-Val de Loire,87.0,329,70,9.1,0.3
Centre-Val de Loire,87.0,589,121,8.5,0.1
Occitanie,87.0,501,103,10.0,1.1
Ile-de-France,87.0,479,107,10.3,1.1
Auvergne-Rhône-Alpes,87.0,480,87,7.5,-1.2
Normandie,87.0,427,83,8.6,0.3
Hauts-de-France,87.0,549,111,11.0,0.6
Hauts-de-France,87.0,482,103,8.3,0.3
Centre-Val de Loire,87.0,396,85,9.3,-0.6
Pays de la Loire,87.0,387,82,10.1,0.1
Provence-Alpes-Côte d'Azur,87.0,533,85,10.3,-0.1
Hauts-de-France,87.0,323,70,9.5,-0.1
Bourgogne-Franche-Comté,87.0,584,122,11.5,0.7
Ile-de-France,87.0,284,69,9.3,-0.6
Hauts-de-France,87.0,719,166,9.8,0.4
Grand Est,87.0,464,84,11.5,-0.2
Grand Est,87.0,513,103,8.3,-0.2
Normandie,87.0,422,106,10.8,0.0
Ile-de-France,87.0,583,154,8.8,0.3
Ile-de-France,87.0,301,78,9.4,-0.3
Centre-Val de Loire,87.0,444,83,8.0,-0.9
Bourgogne-Franche-Comté,87.0,493,92,9.7,-0.2
Auvergne-Rhône-Alpes,87.0,647,109,9.2,0.5
Occitanie,87.0,544,99,10.7,0.2
Ile-de-France,87.0,572,119,9.5,0.4
Auvergne-Rhône-Alpes,87.0,717,134,10.1,0.4
Auvergne-Rhône-Alpes,87.0,787,157,11.5,0.2
Corse,87.0,676,102,8.8,-2.1
Ile-de-France,87.0,781,156,11.1,0.3
Grand Est,87.0,586,113,10.0,0.1
Occitanie,87.0,781,146,11.2,0.7
Nouvelle-Aquitaine,87.0,758,126,10.1,-0.1
Ile-de-France,87.0,401,78,9.6,-0.2
Bourgogne-Franche-Comté,87.0,854,198,10.7,0.4
Pays de la Loire,87.0,443,98,11.1,-0.7
Grand Est,87.0,392,95,10.3,-0.1
Ile-de-France,87.0,714,150,8.7,-0.5
Ile-de-France,87.0,618,150,9.3,0.5
Provence-Alpes-Côte d'Azur,87.0,618,120,9.4,-1.2
Hauts-de-France,87.0,413,83,11.7,1.3
Occitanie,87.0,370,82,10.5,0.1
Ile-de-France,87.0,583,138,10.4,-0.8
Ile-de-France,87.0,620,136,8.7,-0.8
Ile-de-France,87.0,802,161,9.1,0.0
Ile-de-France,87.0,548,129,9.7,-0.4
Grand Est,87.0,271,45,10.9,-0.3
Grand Est,87.0,494,103,10.2,0.5
Pays de la Loire,87.0,244,46,9.8,1.7
Provence-Alpes-Côte d'Azur,87.0,539,121,9.7,-0.3
Grand Est,87.0,586,144,10.1,0.4
Ile-de-France,87.0,621,137,9.3,-0.1
Ile-de-France,87.0,572,145,8.7,-0.5
Ile-de-France,87.0,600,157,7.9,0.2
Hauts-de-France,87.0,519,100,9.9,0.6
Ile-de-France,87.0,795,173,8.9,-0.3
Guadeloupe,87.0,571,119,8.1,-1.7
Ile-de-France,87.0,547,158,8.7,0.1
Grand Est,87.0,333,54,8.2,0.4
Auvergne-Rhône-Alpes,87.0,387,61,10.8,1.0
Normandie,87.0,291,87,9.5,-0.9
Occitanie,87.0,734,160,10.6,0.0
Provence-Alpes-Côte d'Azur,87.0,548,114,7.9,0.5
Provence-Alpes-Côte d'Azur,87.0,702,149,8.7,-0.4
Hauts-de-France,87.0,585,98,8.9,-0.2
Ile-de-France,87.0,739,173,8.6,-0.6
Auvergne-Rhône-Alpes,87.0,511,101,9.8,0.3
Guadeloupe,87.0,674,130,7.4,-0.4
Occitanie,87.0,434,105,13.1,0.4
Auvergne-Rhône-Alpes,87.0,634,108,10.5,1.0
Auvergne-Rhône-Alpes,87.0,651,141,11.7,-0.1
Occitanie,87.0,771,143,10.4,0.8
Ile-de-France,87.0,711,134,8.1,0.7
Grand Est,87.0,646,139,9.6,-1.0
La Réunion,87.0,537,119,9.2,0.6
Provence-Alpes-Côte d'Azur,87.0,497,82,8.3,0.4
Provence-Alpes-Côte d'Azur,87.0,561,63,8.6,0.9
Ile-de-France,87.0,382,90,10.4,-0.1
Ile-de-France,87.0,541,127,9.9,0.2
Provence-Alpes-Côte d'Azur,87.0,535,109,9.1,-1.3
Ile-de-France,87.0,618,134,7.9,0.8
Ile-de-France,87.0,670,146,8.7,0.0
Nouvelle-Aquitaine,87.0,358,60,10.3,-0.2
Bourgogne-Franche-Comté,87.0,508,118,9.1,0.3
Auvergne-Rhône-Alpes,87.0,699,149,10.8,-0.5
Auvergne-Rhône-Alpes,87.0,306,82,10.0,-0.3
Normandie,87.0,629,112,8.1,-0.3
Bourgogne-Franche-Comté,87.0,493,78,10.8,-0.3
Grand Est,87.0,274,63,9.6,-0.1
Ile-de-France,87.0,441,106,10.6,0.0
Provence-Alpes-Côte d'Azur,87.0,565,136,10.5,0.4
Grand Est,87.0,441,93,9.3,0.3
Occitanie,87.0,811,178,9.8,-1.2
Ile-de-France,87.0,732,166,8.7,-0.7
Nouvelle-Aquitaine,87.0,441,95,9.5,-0.7
Occitanie,87.0,522,110,10.3,-0.1
Occitanie,87.0,448,87,8.3,0.1
Auvergne-Rhône-Alpes,87.0,505,77,9.2,0.7
Grand Est,87.0,913,184,9.5,0.2
Occitanie,87.0,691,156,10.0,0.4
Provence-Alpes-Côte d'Azur,87.0,548,113,8.1,0.1
Occitanie,87.0,313,76,10.2,-0.2
Nouvelle-Aquitaine,87.0,682,151,10.8,0.5
Provence-Alpes-Côte d'Azur,87.0,536,85,8.3,0.4
Ile-de-France,86.0,458,102,7.7,-0.7
Hauts-de-France,86.0,477,112,9.1,-0.2
Nouvelle-Aquitaine,86.0,719,167,11.1,-0.4
Centre-Val de Loire,86.0,270,59,8.4,-1.7
Hauts-de-France,86.0,541,133,10.9,0.7
La Réunion,86.0,648,129,10.1,0.4
Hauts-de-France,86.0,465,81,10.6,0.9
Hauts-de-France,86.0,584,121,9.1,-0.2
La Réunion,86.0,408,69,10.3,0.5
Grand Est,86.0,352,91,9.7,-0.3
Hauts-de-France,86.0,719,185,8.6,1.0
Normandie,86.0,509,131,10.1,-0.5
Ile-de-France,86.0,446,111,8.9,1.5
Provence-Alpes-Côte d'Azur,86.0,594,80,8.1,0.0
Normandie,86.0,255,57,9.6,0.5
Centre-Val de Loire,86.0,467,86,11.1,0.5
Ile-de-France,86.0,765,156,8.7,0.2
Occitanie,86.0,835,162,9.6,-0.2
Normandie,86.0,629,130,9.4,-0.7
Ile-de-France,86.0,491,116,8.9,-1.1
Hauts-de-France,86.0,349,74,10.9,0.1
Pays de la Loire,86.0,536,105,9.4,-0.2
Provence-Alpes-Côte d'Azur,86.0,671,155,9.8,-0.2
Centre-Val de Loire,86.0,433,85,9.0,0.8
La Réunion,86.0,730,143,8.4,0.2
Auvergne-Rhône-Alpes,86.0,498,80,10.3,0.2
Ile-de-France,86.0,794,153,9.6,0.6
Occitanie,86.0,552,109,9.7,-0.4
Guadeloupe,86.0,636,154,8.3,-0.6
Pays de la Loire,86.0,491,107,10.4,0.1
Nouvelle-Aquitaine,86.0,547,95,9.1,-0.5
Ile-de-France,86.0,470,111,11.2,0.4
Occitanie,86.0,615,111,10.3,-0.3
Auvergne-Rhône-Alpes,86.0,646,145,11.5,1.2
Bourgogne-Franche-Comté,86.0,368,81,8.5,-0.5
Hauts-de-France,86.0,382,80,9.1,-0.9
Ile-de-France,86.0,553,142,9.8,0.8
Hauts-de-France,86.0,686,155,9.9,0.4
Ile-de-France,86.0,695,162,7.9,-0.4
Martinique,86.0,297,59,7.5,-0.5
Occitanie,86.0,549,86,9.5,0.8
Ile-de-France,86.0,618,160,9.1,-0.3
Bourgogne-Franche-Comté,86.0,320,81,9.9,0.7
Hauts-de-France,86.0,633,109,9.1,-0.1
Auvergne-Rhône-Alpes,86.0,298,35,9.9,1.0
Grand Est,86.0,542,105,9.5,-0.3
Ile-de-France,86.0,535,121,9.6,-0.4
Ile-de-France,86.0,441,103,8.8,-1.0
Hauts-de-France,86.0,645,135,9.8,0.5
Ile-de-France,86.0,577,139,8.9,-0.1
Occitanie,86.0,352,86,10.4,0.1
Ile-de-France,86.0,682,131,9.3,-0.3
Hauts-de-France,86.0,424,80,7.6,0.3
Normandie,86.0,555,107,9.2,0.3
Occitanie,86.0,744,159,10.4,-0.7
Auvergne-Rhône-Alpes,86.0,476,103,10.7,0.5
Hauts-de-France,86.0,267,69,10.7,0.8
Nouvelle-Aquitaine,86.0,664,148,10.0,-0.2
Occitanie,86.0,604,127,10.3,1.7
Hauts-de-France,86.0,349,43,9.4,0.7
Occitanie,86.0,576,113,10.2,0.6
Ile-de-France,86.0,623,128,10.2,-0.1
Ile-de-France,86.0,599,134,7.7,0.2
Pays de la Loire,86.0,442,83,10.6,0.0
Ile-de-France,86.0,534,132,9.9,0.3
Ile-de-France,86.0,488,111,10.8,0.7
Pays de la Loire,86.0,298,42,9.1,-0.4
Hauts-de-France,86.0,333,71,10.0,0.3
Occitanie,86.0,833,173,9.3,0.5
Provence-Alpes-Côte d'Azur,86.0,826,200,9.6,-0.6
Provence-Alpes-Côte d'Azur,86.0,606,121,8.4,0.1
Ile-de-France,86.0,540,123,9.7,-0.1
Ile-de-France,86.0,564,153,8.9,-0.6
Ile-de-France,86.0,837,200,9.8,1.0
Auvergne-Rhône-Alpes,86.0,426,97,10.4,1.3
Auvergne-Rhône-Alpes,86.0,651,122,11.2,0.1
Ile-de-France,86.0,839,190,10.5,-0.3
Auvergne-Rhône-Alpes,86.0,362,69,9.5,1.2
Bourgogne-Franche-Comté,86.0,517,122,11.6,-0.2
Hauts-de-France,86.0,754,159,8.8,0.0
Hauts-de-France,86.0,400,91,9.5,0.3
Grand Est,86.0,913,182,10.3,0.3
Ile-de-France,86.0,595,147,10.1,0.4
Bourgogne-Franche-Comté,86.0,517,115,10.2,-0.1
Centre-Val de Loire,86.0,589,133,9.1,-0.5
Hauts-de-France,86.0,743,152,10.3,0.5
Nouvelle-Aquitaine,86.0,505,138,9.7,-1.3
Ile-de-France,86.0,467,118,8.8,-0.8
Hauts-de-France,86.0,393,93,9.2,0.5
Hauts-de-France,86.0,707,155,11.1,0.1
Ile-de-France,86.0,591,145,8.8,-0.5
Hauts-de-France,86.0,352,98,11.0,0.6
Hauts-de-France,86.0,406,111,9.4,-0.5
Ile-de-France,86.0,637,131,8.8,0.2
Ile-de-France,86.0,477,111,11.0,2.3
Hauts-de-France,86.0,481,100,9.3,0.4
Ile-de-France,86.0,619,153,11.3,0.0
Ile-de-France,86.0,401,69,8.7,0.3
Ile-de-France,86.0,323,66,8.5,-0.4
Ile-de-France,86.0,532,105,9.8,0.7
Provence-Alpes-Côte d'Azur,86.0,659,117,6.8,-0.5
Nouvelle-Aquitaine,86.0,595,137,10.9,0.1
Ile-de-France,86.0,675,129,10.1,-0.4
Auvergne-Rhône-Alpes,86.0,293,64,9.8,-0.2
Occitanie,86.0,586,149,9.3,0.5
Hauts-de-France,86.0,593,163,11.3,0.7
Ile-de-France,86.0,756,147,8.2,-0.7
Provence-Alpes-Côte d'Azur,86.0,892,207,9.6,-0.7
Hauts-de-France,86.0,440,95,9.8,0.9
Normandie,86.0,323,49,10.7,1.4
Hauts-de-France,86.0,350,85,9.0,-0.9
Ile-de-France,86.0,511,132,10.1,1.9
Hauts-de-France,86.0,372,95,8.3,-0.4
Normandie,86.0,415,103,9.8,0.0
Ile-de-France,86.0,449,96,11.0,0.1
Ile-de-France,86.0,482,106,12.8,0.5
Ile-de-France,86.0,648,150,9.7,0.8
Nouvelle-Aquitaine,86.0,675,142,9.8,-0.3
Auvergne-Rhône-Alpes,86.0,218,56,9.1,-0.8
Bourgogne-Franche-Comté,86.0,415,96,10.5,-0.2
Provence-Alpes-Côte d'Azur,86.0,795,176,8.6,-1.1
Ile-de-France,86.0,582,142,10.0,1.2
Occitanie,86.0,313,72,11.5,0.0
Ile-de-France,86.0,681,152,10.1,0.2
Grand Est,85.0,506,102,10.4,0.2
Occitanie,85.0,261,60,10.4,0.0
Normandie,85.0,589,130,9.4,-0.6
Auvergne-Rhône-Alpes,85.0,877,191,10.3,-0.3
Provence-Alpes-Côte d'Azur,85.0,566,115,10.8,-0.4
Ile-de-France,85.0,348,85,8.3,-0.2
Ile-de-France,85.0,360,88,9.7,0.6
Ile-de-France,85.0,453,98,10.9,1.2
Corse,85.0,742,179,10.7,0.9
Martinique,85.0,262,61,8.2,-1.3
La Réunion,85.0,692,89,9.9,0.8
Grand Est,85.0,381,101,9.1,-0.3
Auvergne-Rhône-Alpes,85.0,596,160,8.7,0.0
Ile-de-France,85.0,348,84,8.3,-0.1
Ile-de-France,85.0,433,101,10.8,-0.3
Normandie,85.0,238,48,9.1,1.5
Ile-de-France,85.0,538,117,9.8,-0.8
Occitanie,85.0,1221,265,9.8,0.0
Ile-de-France,85.0,621,140,8.2,0.1
Ile-de-France,85.0,738,179,7.7,0.7
Ile-de-France,85.0,412,97,9.4,0.3
Occitanie,85.0,475,95,8.8,-0.5
Hauts-de-France,85.0,404,101,9.9,0.6
Hauts-de-France,85.0,301,55,10.8,0.6
Hauts-de-France,85.0,322,73,8.3,0.0
Grand Est,85.0,779,167,9.6,0.6
Normandie,85.0,426,98,11.2,-0.1
Hauts-de-France,85.0,223,60,10.0,1.1
Provence-Alpes-Côte d'Azur,85.0,506,92,10.1,-0.2
Nouvelle-Aquitaine,85.0,641,155,11.2,-0.3
Bourgogne-Franche-Comté,85.0,506,103,9.7,-0.2
Ile-de-France,85.0,628,128,8.6,0.1
Ile-de-France,85.0,535,110,9.4,-0.8
Ile-de-France,85.0,550,133,9.8,1.0
Ile-de-France,85.0,698,168,9.7,0.7
Ile-de-France,85.0,465,116,9.1,-0.2
Hauts-de-France,85.0,779,167,10.0,0.3
Auvergne-Rhône-Alpes,85.0,609,122,9.6,0.9
Ile-de-France,85.0,344,84,10.7,-0.5
Ile-de-France,85.0,443,89,10.1,-0.5
Ile-de-France,85.0,721,181,9.7,1.6
Ile-de-France,85.0,576,137,9.6,-0.4
Grand Est,85.0,494,93,8.5,-0.5
Bretagne,85.0,363,78,9.6,-1.5
Grand Est,85.0,599,125,8.6,0.7
Ile-de-France,85.0,369,82,9.8,-0.6
Ile-de-France,85.0,483,119,10.1,-1.0
Ile-de-France,85.0,368,73,10.5,0.9
Hauts-de-France,85.0,686,123,10.6,0.4
Provence-Alpes-Côte d'Azur,85.0,492,105,9.4,-0.1
Normandie,85.0,583,149,10.1,0.5
Ile-de-France,85.0,678,147,8.4,-0.7
Nouvelle-Aquitaine,85.0,608,130,12.0,0.9
Centre-Val de Loire,85.0,484,101,8.5,0.6
Occitanie,85.0,522,94,9.8,1.1
Normandie,85.0,421,68,11.0,0.1
Grand Est,85.0,237,52,10.2,1.1
Ile-de-France,85.0,344,86,10.4,-0.2
Ile-de-France,85.0,331,79,9.8,0.0
Ile-de-France,85.0,837,179,8.8,0.3
Ile-de-France,85.0,380,78,7.9,-0.5
Ile-de-France,85.0,688,155,7.3,-0.1
Ile-de-France,85.0,517,140,8.1,0.6
Ile-de-France,85.0,765,132,7.6,0.5
Ile-de-France,85.0,626,161,8.4,-1.1
Grand Est,85.0,381,84,10.9,-0.1
Grand Est,85.0,305,82,9.6,-0.6
Ile-de-France,85.0,688,154,8.3,-0.1
Provence-Alpes-Côte d'Azur,85.0,606,117,9.0,0.2
Bourgogne-Franche-Comté,85.0,327,73,9.5,-0.7
Bretagne,85.0,457,111,9.8,-0.6
Grand Est,85.0,450,104,9.1,-1.1
Grand Est,85.0,400,106,11.0,0.0
Hauts-de-France,85.0,522,99,10.3,0.8
Auvergne-Rhône-Alpes,85.0,450,97,11.9,-0.7
Ile-de-France,85.0,421,96,11.3,-1.0
Ile-de-France,85.0,470,117,10.5,-0.9
Normandie,85.0,290,79,9.5,-0.6
Auvergne-Rhône-Alpes,85.0,502,95,9.7,0.3
Grand Est,85.0,567,110,7.9,-0.7
Occitanie,85.0,422,68,11.4,0.7
Normandie,85.0,206,54,9.1,0.1
Ile-de-France,85.0,443,89,8.7,-0.8
Normandie,85.0,507,103,9.4,0.3
Ile-de-France,85.0,553,123,9.4,1.0
Ile-de-France,85.0,540,120,8.2,-0.8
Ile-de-France,85.0,518,107,7.5,-1.0
Ile-de-France,85.0,488,126,9.5,0.5
Ile-de-France,85.0,769,182,9.3,0.3
Ile-de-France,85.0,504,165,7.4,-0.4
Ile-de-France,85.0,600,136,9.7,-0.8
Ile-de-France,85.0,650,131,7.4,-2.3
Ile-de-France,85.0,643,140,8.0,-0.6
Occitanie,85.0,520,96,10.2,0.3
Centre-Val de Loire,85.0,451,94,9.4,-0.8
Hauts-de-France,85.0,560,109,7.6,-0.9
Hauts-de-France,85.0,404,82,9.2,0.1
Hauts-de-France,85.0,743,147,9.4,1.2
Hauts-de-France,85.0,605,122,9.5,-0.2
Nouvelle-Aquitaine,85.0,369,55,9.4,0.1
Pays de la Loire,85.0,366,55,8.9,0.9
Centre-Val de Loire,85.0,327,40,9.1,0.2
Nouvelle-Aquitaine,85.0,595,141,8.8,-0.2
Hauts-de-France,85.0,685,159,8.9,-0.1
Auvergne-Rhône-Alpes,85.0,426,110,9.7,0.6
Ile-de-France,85.0,545,155,9.4,0.5
Ile-de-France,85.0,712,143,7.7,0.5
Hauts-de-France,85.0,403,92,9.3,0.7
Hauts-de-France,85.0,427,79,7.9,-0.3
Nouvelle-Aquitaine,85.0,512,110,8.1,-0.2
Auvergne-Rhône-Alpes,85.0,429,80,9.8,0.3
Occitanie,85.0,501,136,10.5,-0.5
Ile-de-France,85.0,711,169,9.1,-0.1
Ile-de-France,85.0,487,117,8.5,-0.1
La Réunion,85.0,795,176,9.1,-0.3
Hauts-de-France,85.0,706,122,10.1,0.8
Nouvelle-Aquitaine,85.0,594,131,9.3,0.2
Ile-de-France,85.0,605,143,9.3,0.2
Ile-de-France,85.0,572,136,9.9,0.1
Ile-de-France,85.0,428,100,8.7,-0.1
Ile-de-France,85.0,551,131,8.6,-0.3
Normandie,85.0,222,47,10.8,0.6
Grand Est,85.0,442,72,9.7,-0.1
Hauts-de-France,85.0,515,112,9.2,0.1
Ile-de-France,85.0,527,105,8.9,-0.5
Normandie,85.0,507,130,10.3,0.6
Nouvelle-Aquitaine,85.0,719,194,11.1,-0.7
Ile-de-France,84.0,490,113,8.3,-0.6
Occitanie,84.0,848,192,10.3,0.2
Auvergne-Rhône-Alpes,84.0,651,158,10.7,0.5
Ile-de-France,84.0,395,82,8.3,0.0
Provence-Alpes-Côte d'Azur,84.0,447,100,10.2,0.1
Provence-Alpes-Côte d'Azur,84.0,667,142,8.5,-0.9
Ile-de-France,84.0,795,195,8.4,0.2
Auvergne-Rhône-Alpes,84.0,857,193,11.0,0.9
Provence-Alpes-Côte d'Azur,84.0,535,127,10.1,-0.9
Auvergne-Rhône-Alpes,84.0,620,112,8.9,1.0
Centre-Val de Loire,84.0,382,70,9.7,0.3
Hauts-de-France,84.0,487,107,9.4,1.4
Ile-de-France,84.0,634,154,7.8,-0.1
Hauts-de-France,84.0,671,160,11.7,1.2
Ile-de-France,84.0,526,94,9.4,0.6
Nouvelle-Aquitaine,84.0,520,128,10.4,-0.5
Hauts-de-France,84.0,224,37,11.6,1.3
Provence-Alpes-Côte d'Azur,84.0,403,88,7.7,0.4
Ile-de-France,84.0,392,91,10.5,0.3
Grand Est,84.0,439,87,8.2,0.3
Ile-de-France,84.0,676,160,9.5,1.0
Centre-Val de Loire,84.0,590,112,8.1,-0.3
Ile-de-France,84.0,583,143,9.1,-1.1
Ile-de-France,84.0,714,154,8.5,0.4
Grand Est,84.0,504,85,9.9,-0.3
Nouvelle-Aquitaine,84.0,559,138,9.9,0.4
Hauts-de-France,84.0,343,83,9.2,0.1
Occitanie,84.0,444,97,10.9,-0.4
La Réunion,84.0,716,128,8.8,-0.5
Hauts-de-France,84.0,480,99,9.5,0.8
Ile-de-France,84.0,698,187,9.1,1.2
Auvergne-Rhône-Alpes,84.0,542,101,9.2,-0.5
Provence-Alpes-Côte d'Azur,84.0,400,86,7.2,-0.8
Provence-Alpes-Côte d'Azur,84.0,325,77,8.5,-1.0
Provence-Alpes-Côte d'Azur,84.0,347,83,10.7,-0.2
Hauts-de-France,84.0,598,127,10.3,1.0
Grand Est,84.0,343,64,9.1,0.9
Provence-Alpes-Côte d'Azur,84.0,496,117,8.9,-0.3
Pays de la Loire,84.0,338,58,9.7,0.0
Occitanie,84.0,421,77,10.1,-0.2
Grand Est,84.0,428,92,9.4,0.8
Occitanie,84.0,800,168,9.6,-0.6
Ile-de-France,84.0,567,130,7.5,-0.4
Auvergne-Rhône-Alpes,84.0,641,142,9.2,-0.4
Nouvelle-Aquitaine,84.0,357,43,11.1,0.9
Auvergne-Rhône-Alpes,84.0,386,97,8.8,-0.4
Grand Est,84.0,269,51,9.6,1.5
Auvergne-Rhône-Alpes,84.0,710,123,10.4,-1.6
Auvergne-Rhône-Alpes,84.0,290,64,8.9,0.3
Ile-de-France,84.0,563,127,10.1,0.3
Pays de la Loire,84.0,548,94,10.6,0.6
Normandie,84.0,317,73,10.8,1.0
Ile-de-France,84.0,641,122,8.9,-0.8
La Réunion,84.0,641,129,10.4,1.3
Normandie,84.0,434,95,8.6,0.1
Auvergne-Rhône-Alpes,84.0,787,167,10.4,-0.1
Hauts-de-France,84.0,598,154,8.2,-0.2
Grand Est,84.0,738,146,7.2,-0.8
Occitanie,84.0,348,94,7.9,-0.3
Ile-de-France,84.0,441,126,8.3,0.1
Provence-Alpes-Côte d'Azur,84.0,749,147,10.6,0.4
Ile-de-France,84.0,380,93,8.5,-0.6
Occitanie,84.0,771,140,10.3,-0.1
Hauts-de-France,84.0,427,80,8.4,0.1
Guadeloupe,84.0,274,62,6.1,-0.3
La Réunion,84.0,498,88,8.0,-0.3
Grand Est,84.0,631,105,11.1,0.1
Martinique,84.0,238,61,8.0,-0.7
Ile-de-France,84.0,538,139,9.8,-1.8
Hauts-de-France,84.0,475,94,7.3,-0.7
Ile-de-France,84.0,596,132,9.5,0.6
Hauts-de-France,84.0,595,122,9.2,-0.6
Provence-Alpes-Côte d'Azur,84.0,322,75,8.5,-0.4
Martinique,84.0,329,80,8.2,-1.4
Occitanie,84.0,589,106,9.6,0.8
Normandie,84.0,451,90,10.9,0.4
Occitanie,84.0,660,126,9.3,1.1
Grand Est,84.0,360,82,9.3,0.7
Pays de la Loire,84.0,387,91,11.2,0.3
Occitanie,84.0,477,117,11.0,0.4
Centre-Val de Loire,84.0,712,170,10.5,-0.7
Ile-de-France,84.0,404,92,11.3,-1.1
Provence-Alpes-Côte d'Azur,84.0,723,159,10.0,0.3
Ile-de-France,84.0,429,98,7.1,-1.3
Grand Est,84.0,776,176,9.8,1.8
Ile-de-France,84.0,668,149,7.9,0.5
Bretagne,84.0,171,45,9.4,-1.5
Occitanie,84.0,589,112,10.8,-0.1
Nouvelle-Aquitaine,84.0,358,57,9.1,-1.1
Grand Est,84.0,612,122,9.6,-1.3
Provence-Alpes-Côte d'Azur,84.0,736,154,9.9,-0.3
Occitanie,84.0,490,96,10.8,0.8
Martinique,84.0,218,62,8.9,-1.8
Ile-de-France,84.0,681,178,9.2,0.2
Ile-de-France,84.0,715,140,9.0,-0.2
Ile-de-France,84.0,745,169,8.8,0.6
Provence-Alpes-Côte d'Azur,84.0,826,173,8.9,0.1
Provence-Alpes-Côte d'Azur,84.0,713,170,9.6,-0.4
Ile-de-France,84.0,618,147,8.2,-1.5
Centre-Val de Loire,84.0,618,138,11.2,0.3
Hauts-de-France,84.0,351,68,9.2,0.8
Auvergne-Rhône-Alpes,84.0,717,152,12.3,0.8
Centre-Val de Loire,84.0,585,129,8.9,0.1
Martinique,84.0,516,91,6.4,-3.0
Ile-de-France,84.0,348,81,7.7,0.1
Occitanie,84.0,434,95,11.2,0.1
Hauts-de-France,84.0,297,63,7.8,-1.0
Ile-de-France,84.0,796,196,10.0,0.0
Hauts-de-France,84.0,571,105,8.4,-0.4
La Réunion,84.0,775,148,10.0,0.6
Hauts-de-France,84.0,377,55,9.7,1.2
Hauts-de-France,84.0,223,45,11.1,1.3
Occitanie,84.0,552,93,9.8,-0.8
Occitanie,84.0,561,139,10.5,-0.5
Provence-Alpes-Côte d'Azur,84.0,801,159,9.6,0.1
Provence-Alpes-Côte d'Azur,84.0,807,185,10.1,0.4
Provence-Alpes-Côte d'Azur,84.0,447,113,8.9,0.0
Ile-de-France,84.0,641,154,9.6,0.7
Ile-de-France,84.0,331,81,11.2,0.2
Grand Est,84.0,510,110,9.9,-0.5
Bourgogne-Franche-Comté,84.0,398,74,9.1,-0.3
Provence-Alpes-Côte d'Azur,84.0,702,166,9.6,-0.6
Ile-de-France,84.0,542,122,8.9,0.1
Ile-de-France,84.0,583,155,7.8,0.7
Ile-de-France,84.0,319,87,8.0,0.1
Ile-de-France,84.0,583,139,10.6,-0.7
Hauts-de-France,84.0,419,103,9.2,1.2
Occitanie,84.0,561,134,9.8,-0.4
Bourgogne-Franche-Comté,84.0,419,92,10.1,-0.5
Provence-Alpes-Côte d'Azur,84.0,730,147,9.1,-0.6
Bretagne,84.0,397,80,9.9,-1.0
Ile-de-France,84.0,597,150,10.0,0.5
La Réunion,83.0,806,172,9.6,0.8
Occitanie,83.0,726,151,10.1,-0.6
Grand Est,83.0,204,35,8.4,-1.4
Bourgogne-Franche-Comté,83.0,436,88,9.2,-1.7
Hauts-de-France,83.0,296,71,9.5,-0.4
Occitanie,83.0,448,116,9.4,0.2
Ile-de-France,83.0,612,147,8.9,0.7
Bourgogne-Franche-Comté,83.0,541,99,10.3,-0.2
La Réunion,83.0,1033,193,8.7,-0.3
Ile-de-France,83.0,589,163,9.2,-0.1
Ile-de-France,83.0,663,124,8.8,-0.8
Ile-de-France,83.0,579,154,9.8,-0.2
Ile-de-France,83.0,467,121,9.8,0.4
Ile-de-France,83.0,366,84,8.5,-0.9
Centre-Val de Loire,83.0,401,86,10.2,-0.4
Ile-de-France,83.0,362,75,10.9,1.1
Ile-de-France,83.0,596,134,9.0,-0.7
Ile-de-France,83.0,750,171,9.5,0.0
Ile-de-France,83.0,608,123,8.1,-0.7
Normandie,83.0,415,83,8.7,-0.3
Ile-de-France,83.0,724,169,7.7,-1.5
Nouvelle-Aquitaine,83.0,695,147,10.9,0.0
Ile-de-France,83.0,568,132,9.6,-1.0
La Réunion,83.0,436,93,10.0,-0.5
La Réunion,83.0,651,148,9.6,-0.1
Centre-Val de Loire,83.0,467,118,10.7,-0.7
Corse,83.0,466,108,10.5,0.2
Bretagne,83.0,672,137,9.9,-0.5
Bourgogne-Franche-Comté,83.0,687,138,10.7,0.9
Centre-Val de Loire,83.0,498,127,9.1,-0.2
Hauts-de-France,83.0,664,136,8.6,-0.8
Occitanie,83.0,372,81,9.8,-0.6
Normandie,83.0,516,119,9.7,-0.5
Bretagne,83.0,518,112,9.8,-0.3
Auvergne-Rhône-Alpes,83.0,446,109,9.1,-1.0
Hauts-de-France,83.0,296,59,8.8,0.2
Centre-Val de Loire,83.0,636,98,10.0,-0.4
Ile-de-France,83.0,724,183,7.7,-2.2
Pays de la Loire,83.0,575,121,11.8,0.4
Bretagne,83.0,518,104,10.9,-0.4
Grand Est,83.0,291,47,8.3,-0.3
Ile-de-France,83.0,796,169,9.8,0.3
Ile-de-France,83.0,564,111,9.5,0.0
Ile-de-France,83.0,572,127,10.2,0.8
Ile-de-France,83.0,620,155,7.5,-1.1
Ile-de-France,83.0,461,87,5.8,-0.7
La Réunion,83.0,983,173,8.5,-0.3
Corse,83.0,700,127,9.8,0.4
La Réunion,83.0,1001,209,8.7,-0.2
La Réunion,83.0,822,154,10.7,0.8
Ile-de-France,83.0,441,100,9.0,0.1
Martinique,83.0,211,30,7.3,1.6
Ile-de-France,83.0,620,130,9.1,0.2
La Réunion,83.0,974,196,9.3,0.3
La Réunion,83.0,692,127,8.5,0.6
La Réunion,83.0,462,88,8.9,0.9
Ile-de-France,83.0,473,111,8.4,-0.5
Ile-de-France,83.0,595,149,8.1,-0.1
Bourgogne-Franche-Comté,83.0,584,125,10.3,0.5
Nouvelle-Aquitaine,83.0,505,139,8.9,-1.4
Occitanie,83.0,517,136,10.0,0.0
Provence-Alpes-Côte d'Azur,83.0,403,90,9.2,0.7
Ile-de-France,83.0,397,107,10.3,0.0
Auvergne-Rhône-Alpes,83.0,501,110,8.2,-0.6
Ile-de-France,83.0,729,192,8.9,-0.2
Ile-de-France,83.0,695,145,8.8,0.0
Ile-de-France,83.0,295,69,9.2,-0.3
Auvergne-Rhône-Alpes,83.0,386,95,9.2,-0.1
Ile-de-France,83.0,590,104,7.5,-0.7
Grand Est,83.0,333,59,8.0,-0.8
Bourgogne-Franche-Comté,83.0,360,69,9.9,-0.3
Martinique,83.0,262,65,9.1,1.8
Provence-Alpes-Côte d'Azur,83.0,496,110,9.7,0.2
Hauts-de-France,83.0,349,88,9.8,0.7
Provence-Alpes-Côte d'Azur,83.0,502,121,11.3,1.1
Provence-Alpes-Côte d'Azur,83.0,533,109,9.8,0.8
Occitanie,83.0,707,169,8.9,-0.5
Ile-de-France,83.0,644,133,8.0,-0.2
Ile-de-France,83.0,579,110,8.7,0.3
Ile-de-France,83.0,599,138,8.7,-0.2
Ile-de-France,83.0,511,108,7.7,-0.5
Hauts-de-France,83.0,482,133,9.6,-0.4
Ile-de-France,83.0,676,156,8.9,1.4
Grand Est,83.0,306,70,10.2,0.0
Grand Est,83.0,776,187,10.4,1.3
Nouvelle-Aquitaine,83.0,561,132,9.3,0.1
Auvergne-Rhône-Alpes,83.0,389,71,8.6,0.0
Centre-Val de Loire,83.0,392,87,8.2,-0.1
Hauts-de-France,83.0,441,105,10.1,0.3
Grand Est,83.0,646,128,10.4,-0.7
Provence-Alpes-Côte d'Azur,83.0,923,219,9.4,-0.7
Ile-de-France,83.0,769,156,10.8,0.9
Auvergne-Rhône-Alpes,83.0,501,109,6.8,-0.6
Auvergne-Rhône-Alpes,83.0,671,133,10.1,1.3
Grand Est,83.0,833,208,10.1,-0.1
Centre-Val de Loire,83.0,393,76,9.6,0.3
Ile-de-France,83.0,711,143,8.6,-0.1
Occitanie,83.0,576,115,9.2,0.5
Nouvelle-Aquitaine,83.0,579,115,11.0,-0.5
Provence-Alpes-Côte d'Azur,83.0,594,87,7.8,-0.3
Auvergne-Rhône-Alpes,83.0,634,126,9.2,1.0
Auvergne-Rhône-Alpes,83.0,671,161,9.0,-0.8
Provence-Alpes-Côte d'Azur,83.0,482,107,8.2,0.2
Nouvelle-Aquitaine,83.0,357,78,10.1,-0.5
Hauts-de-France,83.0,456,88,8.8,-0.1
Centre-Val de Loire,83.0,618,161,9.6,0.1
Centre-Val de Loire,83.0,290,58,9.6,-0.7
Bretagne,83.0,406,109,9.7,-0.6
Occitanie,83.0,328,71,8.8,-0.5
Auvergne-Rhône-Alpes,83.0,825,183,8.8,-0.6
Nouvelle-Aquitaine,83.0,315,81,10.0,0.0
Auvergne-Rhône-Alpes,83.0,655,160,11.8,-0.1
Auvergne-Rhône-Alpes,83.0,558,111,9.6,0.0
La Réunion,83.0,1029,179,8.3,0.0
Hauts-de-France,83.0,569,101,8.8,0.2
Auvergne-Rhône-Alpes,83.0,290,64,9.9,1.3
Ile-de-France,83.0,380,87,8.2,-1.2
Provence-Alpes-Côte d'Azur,83.0,378,82,8.7,0.3
Ile-de-France,83.0,638,150,8.3,-0.6
Occitanie,83.0,439,92,9.2,0.8
Ile-de-France,83.0,693,183,9.4,0.3
Hauts-de-France,83.0,278,54,8.1,-0.3
Grand Est,83.0,405,75,8.0,-0.4
Auvergne-Rhône-Alpes,83.0,545,131,10.4,0.2
Ile-de-France,83.0,396,87,10.5,0.4
Ile-de-France,83.0,421,113,10.6,-1.0
Hauts-de-France,83.0,267,52,9.1,0.4
Grand Est,83.0,622,156,9.4,1.2
Ile-de-France,83.0,672,155,9.2,-0.6
Bourgogne-Franche-Comté,83.0,266,70,9.9,0.9
Occitanie,82.0,428,88,10.7,0.8
Ile-de-France,82.0,595,114,8.8,0.6
Ile-de-France,82.0,622,131,9.7,-0.6
Ile-de-France,82.0,563,110,7.7,0.8
Ile-de-France,82.0,544,130,9.8,0.5
Auvergne-Rhône-Alpes,82.0,646,141,9.9,0.6
Auvergne-Rhône-Alpes,82.0,963,217,9.0,-0.3
Ile-de-France,82.0,433,94,7.6,-1.1
Normandie,82.0,420,120,10.3,1.0
Occitanie,82.0,428,98,9.8,0.9
Bourgogne-Franche-Comté,82.0,516,77,9.2,-0.7
Normandie,82.0,455,88,8.7,0.0
Pays de la Loire,82.0,426,74,10.5,1.5
Pays de la Loire,82.0,571,90,10.8,0.0
Ile-de-France,82.0,335,79,9.1,1.1
Ile-de-France,82.0,634,137,8.1,-0.2
Occitanie,82.0,657,157,10.4,-0.2
Ile-de-France,82.0,460,115,8.6,-0.8
Hauts-de-France,82.0,459,91,9.9,0.6
Pays de la Loire,82.0,315,72,10.1,0.4
Bourgogne-Franche-Comté,82.0,327,68,8.4,-0.4
Provence-Alpes-Côte d'Azur,82.0,498,87,8.8,-0.1
Auvergne-Rhône-Alpes,82.0,563,124,8.4,1.0
Hauts-de-France,82.0,671,151,8.6,-0.4
Provence-Alpes-Côte d'Azur,82.0,352,61,8.5,-0.7
Provence-Alpes-Côte d'Azur,82.0,478,118,8.7,-0.1
Provence-Alpes-Côte d'Azur,82.0,599,134,8.0,0.4
Ile-de-France,82.0,647,142,8.3,-0.4
Centre-Val de Loire,82.0,585,145,10.4,0.1
Nouvelle-Aquitaine,82.0,535,117,9.2,-0.1
Bourgogne-Franche-Comté,82.0,368,80,9.3,-0.8
La Réunion,82.0,795,147,10.2,-0.2
Ile-de-France,82.0,839,182,9.3,-0.6
Ile-de-France,82.0,498,119,7.5,-1.4
Nouvelle-Aquitaine,82.0,623,133,10.0,-0.5
Hauts-de-France,82.0,427,76,8.9,0.0
Normandie,82.0,403,90,9.3,0.1
Auvergne-Rhône-Alpes,82.0,856,158,9.2,-0.1
Provence-Alpes-Côte d'Azur,82.0,597,106,8.1,-0.1
Auvergne-Rhône-Alpes,82.0,306,85,8.8,-1.6
Centre-Val de Loire,82.0,290,77,8.9,-0.1
Ile-de-France,82.0,535,121,9.9,-0.5
Bourgogne-Franche-Comté,82.0,398,74,9.3,0.8
Nouvelle-Aquitaine,82.0,467,107,11.0,-0.5
Hauts-de-France,82.0,497,120,10.2,0.3
Bourgogne-Franche-Comté,82.0,512,110,10.0,1.5
Hauts-de-France,82.0,536,102,7.5,0.8
Grand Est,82.0,654,133,8.9,-0.5
Hauts-de-France,82.0,561,119,8.1,-0.5
Bourgogne-Franche-Comté,82.0,266,74,10.4,0.0
Ile-de-France,82.0,659,127,10.4,-1.1
Grand Est,82.0,442,78,9.4,-0.9
Provence-Alpes-Côte d'Azur,82.0,445,107,9.2,0.5
Grand Est,82.0,530,95,9.2,0.4
Normandie,82.0,639,127,9.2,-1.0
Martinique,82.0,456,85,7.8,-1.5
Occitanie,82.0,637,136,11.8,-0.3
Ile-de-France,82.0,693,171,9.9,0.5
Grand Est,82.0,292,71,9.1,0.4
Provence-Alpes-Côte d'Azur,82.0,364,77,9.5,0.5
Ile-de-France,82.0,295,72,10.4,0.8
Centre-Val de Loire,82.0,354,97,9.3,-0.2
Provence-Alpes-Côte d'Azur,82.0,376,74,7.8,-0.9
Occitanie,82.0,543,112,10.4,-1.0
Provence-Alpes-Côte d'Azur,82.0,654,105,9.8,1.9
Ile-de-France,82.0,412,93,10.2,-0.4
Auvergne-Rhône-Alpes,82.0,633,163,10.2,-0.4
Hauts-de-France,82.0,270,72,8.3,0.3
Guadeloupe,82.0,233,62,8.2,0.1
Ile-de-France,82.0,742,184,10.0,-0.7
Nouvelle-Aquitaine,82.0,477,94,10.5,-0.4
La Réunion,82.0,541,125,8.6,0.5
La Réunion,82.0,657,122,10.4,1.3
Hauts-de-France,82.0,497,100,9.0,-0.5
La Réunion,82.0,716,119,8.3,-0.1
Provence-Alpes-Côte d'Azur,82.0,859,174,7.9,-0.7
Hauts-de-France,82.0,674,155,9.2,-0.1
Hauts-de-France,82.0,366,73,8.7,0.2
Ile-de-France,82.0,544,124,11.0,-1.3
Ile-de-France,82.0,781,168,9.9,0.3
La Réunion,82.0,1029,186,9.2,-0.1
Ile-de-France,82.0,563,130,8.1,0.0
Nouvelle-Aquitaine,82.0,847,166,10.0,-0.2
Provence-Alpes-Côte d'Azur,82.0,527,115,10.3,-0.4
Ile-de-France,82.0,380,87,9.4,0.2
Ile-de-France,82.0,378,95,9.2,0.4
Bretagne,82.0,558,95,10.2,-0.7
Occitanie,82.0,261,50,9.9,0.0
Ile-de-France,82.0,708,187,8.7,0.1
Provence-Alpes-Côte d'Azur,82.0,892,165,8.6,-0.7
Occitanie,82.0,663,112,9.6,0.0
Provence-Alpes-Côte d'Azur,82.0,730,162,8.0,-0.3
Ile-de-France,82.0,631,116,7.8,-0.5
Ile-de-France,82.0,752,142,8.8,-0.6
Auvergne-Rhône-Alpes,82.0,825,152,9.5,-0.6
Ile-de-France,82.0,431,105,9.9,0.2
Normandie,82.0,407,76,9.6,0.5
La Réunion,82.0,775,159,8.7,0.4
Ile-de-France,82.0,629,141,9.2,0.2
Pays de la Loire,82.0,401,77,9.5,1.8
Hauts-de-France,82.0,417,84,9.2,-0.3
La Réunion,82.0,822,151,9.3,0.5
Hauts-de-France,82.0,664,114,9.7,-0.7
Hauts-de-France,82.0,754,171,7.8,-0.4
Ile-de-France,82.0,429,108,8.4,-0.4
Ile-de-France,82.0,584,133,9.0,0.4
Auvergne-Rhône-Alpes,82.0,857,186,9.8,0.3
Ile-de-France,82.0,670,171,10.0,0.0
La Réunion,82.0,710,100,8.4,-0.1
Nouvelle-Aquitaine,82.0,322,68,10.1,-0.1
Ile-de-France,82.0,683,179,8.4,0.5
Ile-de-France,82.0,517,109,8.8,-0.9
Ile-de-France,82.0,564,126,8.8,0.2
Ile-de-France,82.0,651,142,8.4,-0.1
Provence-Alpes-Côte d'Azur,82.0,702,131,10.8,0.0
Nouvelle-Aquitaine,82.0,733,166,10.6,-0.2
Ile-de-France,82.0,517,118,8.9,-0.2
Corse,82.0,742,163,9.1,0.9
Centre-Val de Loire,82.0,712,125,9.7,-0.4
Auvergne-Rhône-Alpes,82.0,581,94,8.9,0.2
Hauts-de-France,82.0,298,65,9.5,0.0
Occitanie,82.0,665,112,8.2,0.0
Nouvelle-Aquitaine,82.0,535,113,8.0,-0.1
Ile-de-France,82.0,378,90,8.8,1.1
Provence-Alpes-Côte d'Azur,82.0,397,104,9.0,-0.3
Auvergne-Rhône-Alpes,82.0,596,148,8.6,-0.2
Auvergne-Rhône-Alpes,81.0,298,53,9.7,0.1
Hauts-de-France,81.0,401,73,8.1,-0.8
Auvergne-Rhône-Alpes,81.0,550,125,8.2,0.5
Occitanie,81.0,642,143,7.2,-0.2
Pays de la Loire,81.0,335,64,9.7,2.1
Auvergne-Rhône-Alpes,81.0,263,58,8.7,0.9
Auvergne-Rhône-Alpes,81.0,443,97,9.7,-0.1
Auvergne-Rhône-Alpes,81.0,409,97,9.4,-0.8
Occitanie,81.0,478,119,7.9,-0.8
Ile-de-France,81.0,535,102,8.3,-0.6
Occitanie,81.0,781,189,10.0,-0.1
Nouvelle-Aquitaine,81.0,641,149,9.8,0.0
Ile-de-France,81.0,943,204,7.5,-1.0
Ile-de-France,81.0,724,168,7.4,-1.0
Ile-de-France,81.0,673,164,8.0,0.7
Ile-de-France,81.0,441,135,7.7,-0.4
Ile-de-France,81.0,542,126,9.0,-0.4
Ile-de-France,81.0,518,124,9.8,-0.9
La Réunion,81.0,776,169,8.0,-0.1
Hauts-de-France,81.0,380,94,10.2,-0.6
Grand Est,81.0,442,80,10.3,-0.6
Auvergne-Rhône-Alpes,81.0,461,113,8.6,-0.8
Auvergne-Rhône-Alpes,81.0,653,145,11.1,1.3
Hauts-de-France,81.0,637,118,11.7,1.2
Hauts-de-France,81.0,440,91,10.1,0.5
Ile-de-France,81.0,563,154,8.7,0.1
Ile-de-France,81.0,487,109,8.9,0.5
Grand Est,81.0,654,149,10.1,-0.6
Ile-de-France,81.0,712,169,8.0,-0.9
Grand Est,81.0,337,77,10.6,-0.7
Auvergne-Rhône-Alpes,81.0,498,136,10.2,-0.3
Auvergne-Rhône-Alpes,81.0,460,109,9.3,-1.4
Bourgogne-Franche-Comté,81.0,395,88,9.5,-1.1
Bourgogne-Franche-Comté,81.0,416,77,10.3,-0.6
Hauts-de-France,81.0,413,74,9.7,-0.2
Hauts-de-France,81.0,542,123,8.0,-0.1
Hauts-de-France,81.0,533,115,10.3,0.3
Hauts-de-France,81.0,547,105,8.9,-0.3
Grand Est,81.0,715,161,9.2,-0.1
Normandie,81.0,434,119,9.4,0.2
Normandie,81.0,382,79,10.1,0.5
Auvergne-Rhône-Alpes,81.0,293,59,8.1,-0.6
Grand Est,81.0,622,142,9.8,1.2
Occitanie,81.0,348,90,8.6,-0.3
Hauts-de-France,81.0,491,95,10.7,0.8
Provence-Alpes-Côte d'Azur,81.0,488,107,8.7,1.0
Pays de la Loire,81.0,391,74,9.8,0.0
Pays de la Loire,81.0,559,96,10.5,-0.2
Nouvelle-Aquitaine,81.0,594,122,9.0,0.2
Martinique,81.0,292,70,8.2,-1.3
Hauts-de-France,81.0,299,63,8.6,-0.1
Hauts-de-France,81.0,547,103,7.9,-0.7
Hauts-de-France,81.0,471,111,8.6,0.2
Ile-de-France,81.0,348,78,8.6,0.4
Hauts-de-France,81.0,330,48,7.9,-0.2
Hauts-de-France,81.0,671,140,9.1,-0.8
Grand Est,81.0,333,85,7.6,-1.2
Pays de la Loire,81.0,265,54,10.4,1.5
Ile-de-France,81.0,431,98,8.4,0.4
Ile-de-France,81.0,469,88,8.8,0.0
Bourgogne-Franche-Comté,81.0,499,96,11.4,-0.6
Provence-Alpes-Côte d'Azur,81.0,307,62,7.5,-1.3
Provence-Alpes-Côte d'Azur,81.0,702,133,9.1,-0.4
Ile-de-France,81.0,669,155,7.7,-0.3
Occitanie,81.0,588,106,10.2,0.2
Bretagne,81.0,476,115,10.9,-0.5
Occitanie,81.0,657,156,10.6,-0.4
Grand Est,81.0,502,104,7.6,-0.9
Nouvelle-Aquitaine,81.0,493,95,10.3,0.5
Pays de la Loire,81.0,443,78,10.2,-0.4
Nouvelle-Aquitaine,81.0,426,94,9.6,1.3
Grand Est,81.0,299,52,9.7,0.4
Occitanie,81.0,649,150,9.7,-0.8
Auvergne-Rhône-Alpes,81.0,699,143,10.6,0.2
Provence-Alpes-Côte d'Azur,81.0,449,96,7.6,-1.4
Ile-de-France,81.0,449,90,8.9,-0.6
Provence-Alpes-Côte d'Azur,81.0,606,86,7.0,-1.1
Ile-de-France,81.0,729,184,9.8,0.5
Centre-Val de Loire,81.0,485,120,9.6,-0.2
Nouvelle-Aquitaine,81.0,520,135,10.0,0.1
Auvergne-Rhône-Alpes,81.0,482,112,9.4,-0.6
Nouvelle-Aquitaine,81.0,579,132,9.4,-0.4
Grand Est,81.0,453,115,9.0,1.0
Hauts-de-France,81.0,561,136,10.0,0.3
Hauts-de-France,81.0,512,105,9.7,0.3
Grand Est,81.0,609,154,8.6,0.2
Ile-de-France,81.0,641,161,8.1,-0.1
Nouvelle-Aquitaine,81.0,461,115,9.4,0.1
Normandie,81.0,648,117,8.7,-1.7
Ile-de-France,81.0,627,130,7.7,-0.8
La Réunion,81.0,1033,202,7.5,-0.7
Ile-de-France,81.0,611,114,7.9,-0.8
Martinique,81.0,329,83,7.9,-0.7
Hauts-de-France,81.0,552,132,8.3,0.2
Hauts-de-France,81.0,548,98,9.2,0.2
Ile-de-France,81.0,664,118,8.1,-1.5
Hauts-de-France,81.0,522,117,9.6,0.7
Ile-de-France,81.0,477,107,8.8,0.9
Bourgogne-Franche-Comté,81.0,560,124,10.0,0.4
Ile-de-France,81.0,431,85,7.4,0.0
Ile-de-France,81.0,641,114,7.7,-0.8
Ile-de-France,81.0,678,156,7.3,-1.1
Ile-de-France,81.0,802,160,7.3,-0.4
Occitanie,81.0,781,162,9.6,0.0
Hauts-de-France,81.0,355,83,7.7,0.0
Occitanie,81.0,543,114,10.5,-0.9
Grand Est,81.0,510,104,9.4,0.4
Ile-de-France,81.0,600,99,8.4,0.6
Ile-de-France,81.0,593,142,9.6,0.8
Ile-de-France,81.0,512,84,8.5,0.3
Ile-de-France,81.0,459,110,8.9,-0.5
Ile-de-France,81.0,745,174,9.9,0.8
La Réunion,81.0,730,126,8.2,-0.3
La Réunion,81.0,740,140,8.8,0.4
Provence-Alpes-Côte d'Azur,81.0,540,117,8.2,-0.4
Grand Est,81.0,394,93,9.7,-1.0
Grand Est,81.0,242,43,9.7,0.2
Grand Est,81.0,406,86,9.4,-0.6
Centre-Val de Loire,81.0,612,167,9.2,-0.7
Hauts-de-France,81.0,383,70,10.1,0.3
Hauts-de-France,81.0,299,70,10.0,0.6
Occitanie,81.0,439,81,7.2,0.2
Ile-de-France,81.0,572,139,10.3,-0.2
Pays de la Loire,81.0,391,52,10.1,1.3
Grand Est,81.0,581,102,7.4,-0.4
Ile-de-France,81.0,522,105,9.5,1.1
La Réunion,80.0,651,148,8.2,0.0
Auvergne-Rhône-Alpes,80.0,671,157,9.6,-1.0
Auvergne-Rhône-Alpes,80.0,596,142,9.9,-0.2
Grand Est,80.0,608,105,8.5,-0.1
Normandie,80.0,422,98,8.7,0.5
Hauts-de-France,80.0,465,99,9.5,0.0
Ile-de-France,80.0,719,127,8.5,-0.6
Ile-de-France,80.0,862,174,9.8,0.6
Nouvelle-Aquitaine,80.0,675,138,7.7,-0.6
Auvergne-Rhône-Alpes,80.0,856,176,9.9,-0.3
Ile-de-France,80.0,579,135,8.1,-0.6
Hauts-de-France,80.0,552,133,8.2,-0.5
Ile-de-France,80.0,568,157,9.0,-0.7
Pays de la Loire,80.0,271,61,10.2,0.1
Ile-de-France,80.0,575,99,6.7,-0.5
Ile-de-France,80.0,535,130,8.6,-0.4
Hauts-de-France,80.0,674,143,9.5,0.8
Ile-de-France,80.0,561,117,7.5,-0.8
La Réunion,80.0,436,79,9.5,0.6
Occitanie,80.0,544,108,8.8,-0.3
Bourgogne-Franche-Comté,80.0,512,113,10.4,-0.1
Ile-de-France,80.0,410,86,10.3,1.0
Bourgogne-Franche-Comté,80.0,533,126,10.0,-0.4
Provence-Alpes-Côte d'Azur,80.0,605,135,8.8,-0.4
Hauts-de-France,80.0,671,146,7.6,-0.3
Auvergne-Rhône-Alpes,80.0,405,94,9.7,-1.0
Ile-de-France,80.0,361,85,9.9,0.2
Ile-de-France,80.0,638,143,9.6,0.4
Provence-Alpes-Côte d'Azur,80.0,376,76,6.8,-0.5
Occitanie,80.0,372,75,9.7,0.1
Ile-de-France,80.0,473,115,9.6,-0.4
Normandie,80.0,343,64,8.8,0.3
Grand Est,80.0,669,132,7.9,0.2
Auvergne-Rhône-Alpes,80.0,693,169,9.3,-0.5
Provence-Alpes-Côte d'Azur,80.0,723,167,10.3,-0.4
Pays de la Loire,80.0,571,108,9.4,-0.4
Ile-de-France,80.0,702,152,9.5,0.2
Occitanie,80.0,513,100,10.0,-0.9
Hauts-de-France,80.0,813,164,8.7,-0.7
Hauts-de-France,80.0,472,69,9.2,-0.6
Nouvelle-Aquitaine,80.0,163,35,10.6,2.0
Pays de la Loire,80.0,394,87,10.3,0.0
Ile-de-France,80.0,694,164,8.8,-1.3
Nouvelle-Aquitaine,80.0,292,87,10.0,-0.3
Ile-de-France,80.0,668,153,9.1,0.1
Hauts-de-France,80.0,457,111,8.5,-1.1
La Réunion,80.0,314,49,9.9,-0.2
Ile-de-France,80.0,581,120,9.0,-0.4
Ile-de-France,80.0,735,143,9.3,-1.0
Ile-de-France,80.0,523,133,8.4,-0.2
Auvergne-Rhône-Alpes,80.0,581,137,10.1,0.5
Nouvelle-Aquitaine,80.0,502,105,9.9,0.3
Ile-de-France,80.0,383,82,8.7,-1.3
Corse,80.0,245,56,9.5,-0.2
Ile-de-France,80.0,323,88,7.7,0.0
Ile-de-France,80.0,324,95,9.1,-0.3
Ile-de-France,80.0,564,140,8.1,-0.3
Ile-de-France,80.0,439,114,9.3,-0.1
Ile-de-France,80.0,640,135,8.2,-0.1
Ile-de-France,80.0,395,102,8.2,-0.5
Provence-Alpes-Côte d'Azur,80.0,554,97,8.4,0.0
Pays de la Loire,80.0,362,61,8.9,-0.5
Grand Est,80.0,517,105,10.1,1.5
Pays de la Loire,80.0,344,71,10.3,1.4
Ile-de-France,80.0,695,137,10.2,0.1
Occitanie,80.0,588,119,9.8,1.0
Auvergne-Rhône-Alpes,80.0,442,95,10.2,-0.4
Ile-de-France,80.0,490,113,9.0,-0.5
Hauts-de-France,80.0,487,109,10.3,1.0
Pays de la Loire,80.0,491,92,9.8,-0.8
Centre-Val de Loire,80.0,451,104,10.4,-1.4
Ile-de-France,80.0,943,200,8.4,-0.5
Nouvelle-Aquitaine,80.0,146,30,8.6,-0.9
Provence-Alpes-Côte d'Azur,80.0,667,133,7.9,-0.1
Ile-de-France,80.0,702,154,9.6,0.5
Hauts-de-France,80.0,571,94,9.6,0.1
Pays de la Loire,80.0,217,44,9.7,-0.6
Nouvelle-Aquitaine,80.0,596,107,9.8,1.0
Bourgogne-Franche-Comté,80.0,436,99,8.5,-0.7
Ile-de-France,80.0,737,186,9.3,0.9
Provence-Alpes-Côte d'Azur,80.0,512,122,9.3,0.2
Ile-de-France,80.0,612,150,7.4,-0.6
Grand Est,80.0,406,83,8.1,-0.3
Hauts-de-France,80.0,600,123,8.3,0.1
Ile-de-France,80.0,597,142,8.3,-0.8
Ile-de-France,80.0,500,120,9.0,-0.3
Ile-de-France,80.0,446,115,9.8,0.5
Centre-Val de Loire,80.0,364,76,10.1,-0.9
Normandie,80.0,648,134,8.7,-0.6
La Réunion,80.0,417,81,10.2,0.5
Grand Est,80.0,394,76,8.4,-1.1
Hauts-de-France,80.0,479,104,8.8,-0.4
Ile-de-France,80.0,535,131,9.3,0.7
Provence-Alpes-Côte d'Azur,80.0,483,106,7.8,-0.1
Bourgogne-Franche-Comté,79.0,302,47,10.1,-1.2
Bourgogne-Franche-Comté,79.0,533,119,9.7,-1.4
Hauts-de-France,79.0,779,151,8.4,-0.1
Hauts-de-France,79.0,460,99,8.0,-0.2
Ile-de-France,79.0,544,111,8.7,0.3
Provence-Alpes-Côte d'Azur,79.0,366,56,8.6,-0.6
Bourgogne-Franche-Comté,79.0,680,133,9.8,-0.1
Pays de la Loire,79.0,366,76,9.6,0.1
Hauts-de-France,79.0,500,110,9.3,0.1
Normandie,79.0,646,133,8.5,0.7
Provence-Alpes-Côte d'Azur,79.0,596,107,9.0,-0.4
Nouvelle-Aquitaine,79.0,485,128,10.9,-0.5
Normandie,79.0,394,70,9.2,0.5
Occitanie,79.0,454,89,8.7,0.5
Normandie,79.0,426,94,10.0,0.7
Ile-de-France,79.0,628,147,7.1,-1.7
Grand Est,79.0,494,108,9.2,-0.6
Grand Est,79.0,355,81,7.7,-0.7
Ile-de-France,79.0,335,80,9.9,0.1
Hauts-de-France,79.0,493,108,8.2,0.2
Grand Est,79.0,546,76,8.6,-0.6
Hauts-de-France,79.0,637,120,9.7,0.1
La Réunion,79.0,643,131,9.0,0.6
Auvergne-Rhône-Alpes,79.0,542,145,10.2,-0.1
Centre-Val de Loire,79.0,444,84,8.7,-0.8
Ile-de-France,79.0,324,82,8.4,-0.8
Centre-Val de Loire,79.0,485,126,10.5,0.2
Ile-de-France,79.0,634,138,9.1,0.6
Occitanie,79.0,424,70,9.0,0.9
Occitanie,79.0,421,99,9.3,0.0
Provence-Alpes-Côte d'Azur,79.0,272,53,8.9,1.3
Occitanie,79.0,323,66,8.9,0.4
Occitanie,79.0,596,129,10.4,0.2
Grand Est,79.0,370,66,10.3,-0.2
Auvergne-Rhône-Alpes,79.0,770,147,10.4,1.0
La Réunion,79.0,551,107,9.0,0.2
Grand Est,79.0,779,123,8.3,0.3
Guadeloupe,79.0,859,189,7.1,-1.8
Ile-de-France,79.0,664,159,8.9,-0.6
Auvergne-Rhône-Alpes,79.0,477,118,8.3,-1.1
Hauts-de-France,79.0,378,72,7.2,0.1
Occitanie,79.0,501,117,9.6,0.4
Provence-Alpes-Côte d'Azur,79.0,713,169,8.9,0.0
Hauts-de-France,79.0,487,127,7.9,-1.0
Auvergne-Rhône-Alpes,79.0,671,124,9.1,2.0
Auvergne-Rhône-Alpes,79.0,747,142,8.7,-0.8
Ile-de-France,79.0,371,90,9.9,-0.9
Occitanie,79.0,513,120,9.9,-0.2
Pays de la Loire,79.0,250,63,9.5,-0.7
Bretagne,79.0,584,116,7.6,-0.3
Grand Est,79.0,297,71,9.7,-1.2
Occitanie,79.0,372,66,11.4,0.9
Hauts-de-France,79.0,311,66,9.1,-0.3
Hauts-de-France,79.0,519,82,7.6,-0.4
Ile-de-France,79.0,561,140,8.9,-0.6
Ile-de-France,79.0,470,109,9.4,-0.1
Ile-de-France,79.0,738,151,8.0,-0.5
Hauts-de-France,79.0,383,70,9.1,-0.2
Ile-de-France,79.0,535,109,7.6,-1.0
Auvergne-Rhône-Alpes,79.0,270,62,11.5,0.5
Bourgogne-Franche-Comté,79.0,541,89,8.8,-0.2
Auvergne-Rhône-Alpes,79.0,558,109,10.4,-0.6
Grand Est,79.0,492,107,10.4,0.5
Guadeloupe,79.0,725,184,7.3,-0.6
Grand Est,79.0,631,130,9.7,-0.3
Grand Est,79.0,538,121,8.4,-1.1
Hauts-de-France,79.0,552,100,8.0,-0.4
Auvergne-Rhône-Alpes,79.0,418,99,7.2,-0.7
Hauts-de-France,79.0,426,87,10.7,0.9
Ile-de-France,79.0,369,86,7.9,-0.6
Auvergne-Rhône-Alpes,79.0,480,102,9.3,-0.3
La Réunion,79.0,551,104,8.9,0.6
Guadeloupe,79.0,859,185,7.8,-0.5
Grand Est,79.0,530,89,9.7,0.2
Ile-de-France,79.0,572,142,9.2,0.0
Auvergne-Rhône-Alpes,79.0,429,106,9.9,0.5
Ile-de-France,79.0,354,97,6.7,-1.2
Corse,79.0,466,107,8.2,-0.8
Hauts-de-France,79.0,367,73,8.1,0.1
Provence-Alpes-Côte d'Azur,79.0,492,113,8.4,0.1
Bourgogne-Franche-Comté,79.0,360,76,9.2,-0.1
Hauts-de-France,79.0,328,80,8.5,0.0
Centre-Val de Loire,79.0,520,121,9.5,0.0
Occitanie,79.0,818,190,10.5,0.0
Ile-de-France,79.0,798,183,7.7,-0.6
Auvergne-Rhône-Alpes,79.0,676,151,9.2,0.5
La Réunion,79.0,730,157,8.3,0.8
Pays de la Loire,79.0,317,70,8.9,0.1
Hauts-de-France,79.0,383,72,7.9,-1.1
Grand Est,79.0,738,146,7.5,-0.7
Ile-de-France,79.0,598,126,8.3,-0.4
Normandie,79.0,416,97,10.3,0.2
Normandie,79.0,290,62,8.1,0.6
Hauts-de-France,79.0,549,123,9.1,-0.1
Occitanie,79.0,704,141,9.2,-1.0
Hauts-de-France,79.0,400,90,8.8,-0.3
Hauts-de-France,79.0,469,117,8.8,-1.2
Bretagne,79.0,584,103,9.1,-0.5
Nouvelle-Aquitaine,79.0,664,192,9.1,0.2
Hauts-de-France,79.0,548,126,10.6,0.0
Hauts-de-France,79.0,635,126,9.8,0.0
Hauts-de-France,79.0,440,111,9.7,0.2
Bourgogne-Franche-Comté,79.0,498,114,9.7,-0.5
Ile-de-France,79.0,425,92,6.9,-0.7
Hauts-de-France,79.0,426,98,9.3,0.8
Bourgogne-Franche-Comté,79.0,387,76,9.2,-0.3
Nouvelle-Aquitaine,79.0,582,138,10.0,-0.5
Ile-de-France,79.0,535,127,7.5,-0.9
Normandie,79.0,370,68,10.2,0.0
Bretagne,79.0,382,68,8.6,-0.5
Ile-de-France,79.0,563,128,7.3,-0.4
Ile-de-France,79.0,576,137,9.6,0.8
Normandie,79.0,257,58,9.3,-0.1
Auvergne-Rhône-Alpes,79.0,401,82,9.1,0.7
Grand Est,79.0,337,77,9.1,-0.5
Provence-Alpes-Côte d'Azur,79.0,459,101,6.5,-0.8
Grand Est,79.0,418,102,9.6,-0.4
Ile-de-France,79.0,708,169,8.1,-0.1
Hauts-de-France,79.0,471,95,9.7,0.4
Ile-de-France,79.0,513,126,8.2,0.3
Bourgogne-Franche-Comté,79.0,500,105,8.7,0.3
Hauts-de-France,79.0,430,95,8.0,-0.6
Pays de la Loire,79.0,536,101,8.6,-0.1
Bourgogne-Franche-Comté,79.0,608,117,9.2,0.6
Ile-de-France,79.0,367,107,6.5,-1.4
Ile-de-France,79.0,534,123,8.6,-0.3
Grand Est,79.0,355,78,8.8,-0.3
Hauts-de-France,79.0,569,110,7.5,-0.5
Provence-Alpes-Côte d'Azur,79.0,659,128,8.2,-0.1
Occitanie,79.0,401,78,10.5,0.8
Centre-Val de Loire,78.0,497,116,7.9,-0.5
Auvergne-Rhône-Alpes,78.0,602,134,8.7,-0.2
Ile-de-France,78.0,719,150,8.3,-1.6
Ile-de-France,78.0,663,152,7.5,-1.0
Ile-de-France,78.0,596,110,7.7,-0.4
Ile-de-France,78.0,562,123,7.1,0.1
Ile-de-France,78.0,631,123,8.5,-1.0
Martinique,78.0,313,59,8.7,0.0
Ile-de-France,78.0,535,115,7.3,-0.2
Ile-de-France,78.0,461,97,7.6,-0.2
Auvergne-Rhône-Alpes,78.0,550,102,8.6,-0.5
Ile-de-France,78.0,582,135,10.7,0.7
Provence-Alpes-Côte d'Azur,78.0,678,160,7.6,-1.5
Hauts-de-France,78.0,300,76,10.3,0.3
La Réunion,78.0,710,106,10.1,0.2
Ile-de-France,78.0,404,98,9.7,-0.3
Occitanie,78.0,681,135,10.4,-0.4
Hauts-de-France,78.0,403,67,9.3,-1.0
Normandie,78.0,415,74,8.3,0.1
Hauts-de-France,78.0,497,116,10.7,0.2
Ile-de-France,78.0,715,168,9.8,-0.7
Ile-de-France,78.0,284,45,7.7,-0.3
Bourgogne-Franche-Comté,78.0,445,90,9.7,-0.5
Normandie,78.0,536,117,9.9,0.1
Grand Est,78.0,399,83,8.3,-0.6
Ile-de-France,78.0,334,67,8.0,0.8
Hauts-de-France,78.0,325,67,8.6,-1.0
Occitanie,78.0,703,158,9.7,-0.2
Centre-Val de Loire,78.0,636,125,8.6,-0.2
Bretagne,78.0,397,76,9.4,-1.5
Centre-Val de Loire,78.0,498,109,9.6,-0.2
Ile-de-France,78.0,648,143,8.0,0.2
Ile-de-France,78.0,413,88,9.6,1.3
Auvergne-Rhône-Alpes,78.0,655,166,9.9,-1.1
Hauts-de-France,78.0,325,74,8.2,0.2
Centre-Val de Loire,78.0,557,139,9.1,-1.0
Provence-Alpes-Côte d'Azur,78.0,307,74,8.5,-1.0
Hauts-de-France,78.0,328,64,9.1,-0.3
Pays de la Loire,78.0,718,145,10.7,-0.5
Provence-Alpes-Côte d'Azur,78.0,322,78,9.1,-1.1
La Réunion,78.0,641,130,9.4,1.2
Nouvelle-Aquitaine,78.0,581,124,9.5,-0.1
Nouvelle-Aquitaine,78.0,304,65,9.9,0.5
Ile-de-France,78.0,535,132,8.2,-0.6
Ile-de-France,78.0,336,85,8.0,-0.8
La Réunion,78.0,580,122,9.3,-0.3
Ile-de-France,78.0,646,136,10.2,0.9
Auvergne-Rhône-Alpes,78.0,475,103,10.3,0.9
Occitanie,78.0,444,97,9.9,-0.3
Corse,78.0,700,153,10.8,1.2
Auvergne-Rhône-Alpes,78.0,837,178,9.5,-0.5
Ile-de-France,78.0,651,139,10.1,0.6
Normandie,78.0,583,119,9.1,0.1
Grand Est,78.0,198,55,8.3,0.0
Martinique,78.0,293,49,6.5,-1.9
Hauts-de-France,78.0,311,65,7.6,-0.6
Nouvelle-Aquitaine,78.0,409,77,10.3,-1.0
Hauts-de-France,78.0,681,145,8.0,-0.7
Hauts-de-France,78.0,441,78,7.4,-0.5
Occitanie,78.0,818,161,9.3,1.0
Hauts-de-France,78.0,533,101,8.3,0.0
Bourgogne-Franche-Comté,78.0,716,153,10.7,0.2
Hauts-de-France,78.0,816,161,9.5,1.7
Bourgogne-Franche-Comté,78.0,760,159,9.1,0.3
Provence-Alpes-Côte d'Azur,78.0,400,87,8.9,0.3
Ile-de-France,78.0,598,117,9.5,0.1
Pays de la Loire,78.0,548,116,9.1,0.3
Provence-Alpes-Côte d'Azur,78.0,654,116,7.9,0.6
Provence-Alpes-Côte d'Azur,78.0,506,93,9.0,0.0
Provence-Alpes-Côte d'Azur,78.0,482,120,6.5,-0.3
Normandie,78.0,386,67,8.7,-1.0
Occitanie,78.0,323,85,7.9,0.9
Pays de la Loire,78.0,394,89,8.7,0.1
La Réunion,78.0,1126,266,10.2,0.0
Ile-de-France,78.0,379,89,10.2,0.0
Centre-Val de Loire,78.0,441,107,9.9,0.3
Occitanie,78.0,681,137,9.6,-0.7
Grand Est,78.0,183,45,10.7,0.9
Occitanie,78.0,370,73,8.7,0.0
Ile-de-France,78.0,319,86,9.1,-0.4
Occitanie,78.0,605,111,9.7,0.3
Hauts-de-France,78.0,497,123,9.2,0.0
Provence-Alpes-Côte d'Azur,78.0,364,90,10.5,0.4
Pays de la Loire,78.0,421,82,10.4,0.1
Hauts-de-France,78.0,364,99,10.3,1.0
Hauts-de-France,78.0,569,131,7.9,-1.1
Bourgogne-Franche-Comté,78.0,381,77,9.8,0.0
Ile-de-France,78.0,795,180,9.0,-0.8
La Réunion,78.0,479,91,9.0,0.9
La Réunion,78.0,580,111,8.5,0.3
Ile-de-France,78.0,392,91,9.1,-0.4
Grand Est,78.0,609,138,9.5,-0.5
Ile-de-France,78.0,407,78,10.2,0.7
Auvergne-Rhône-Alpes,78.0,821,162,8.9,0.7
Nouvelle-Aquitaine,78.0,477,81,8.8,-0.4
Hauts-de-France,78.0,354,69,7.8,-0.9
Ile-de-France,78.0,527,134,8.4,-0.2
Hauts-de-France,78.0,412,83,8.9,-0.2
Hauts-de-France,78.0,364,72,9.3,-0.5
Hauts-de-France,78.0,542,123,6.8,-0.6
Nouvelle-Aquitaine,78.0,582,147,10.5,-0.5
Ile-de-France,78.0,627,127,9.6,0.1
Ile-de-France,78.0,581,111,7.9,-0.6
Hauts-de-France,78.0,491,128,9.5,0.9
Ile-de-France,78.0,629,167,7.9,0.4
Ile-de-France,78.0,450,115,9.1,0.3
Ile-de-France,78.0,377,80,7.9,-0.6
Auvergne-Rhône-Alpes,77.0,477,104,9.0,-1.3
Grand Est,77.0,292,65,9.5,0.0
Guadeloupe,77.0,274,70,6.1,-1.5
Bourgogne-Franche-Comté,77.0,335,83,8.9,-0.8
Provence-Alpes-Côte d'Azur,77.0,565,123,7.4,0.3
Auvergne-Rhône-Alpes,77.0,446,108,7.2,-1.3
Ile-de-France,77.0,727,147,9.1,0.4
Ile-de-France,77.0,795,186,7.0,-0.9
La Réunion,77.0,576,100,8.7,0.0
Ile-de-France,77.0,542,115,8.0,1.0
Provence-Alpes-Côte d'Azur,77.0,807,155,8.5,0.2
La Réunion,77.0,643,156,10.2,0.3
Pays de la Loire,77.0,559,70,9.6,1.0
Grand Est,77.0,546,104,7.4,-0.7
Ile-de-France,77.0,560,118,9.9,0.0
Ile-de-France,77.0,551,117,7.9,-0.6
Nouvelle-Aquitaine,77.0,400,93,9.4,-0.4
Normandie,77.0,416,96,10.6,1.3
Ile-de-France,77.0,602,160,9.0,0.4
Ile-de-France,77.0,392,83,8.1,-0.9
La Réunion,77.0,631,133,10.0,0.8
Centre-Val de Loire,77.0,560,135,9.6,0.2
Grand Est,77.0,338,65,8.5,-0.4
La Réunion,77.0,843,154,7.4,0.2
Normandie,77.0,555,112,9.4,0.1
Bourgogne-Franche-Comté,77.0,760,160,10.2,0.4
Auvergne-Rhône-Alpes,77.0,442,100,9.2,-0.3
Nouvelle-Aquitaine,77.0,561,132,9.3,-0.7
Grand Est,77.0,504,107,9.3,-0.1
Ile-de-France,77.0,428,86,8.1,0.1
Hauts-de-France,77.0,524,124,9.3,0.2
Provence-Alpes-Côte d'Azur,77.0,397,91,8.9,-0.8
Ile-de-France,77.0,700,170,10.2,1.0
Ile-de-France,77.0,532,133,8.5,0.4
Hauts-de-France,77.0,701,151,10.0,0.1
Bourgogne-Franche-Comté,77.0,506,93,8.9,-1.2
Provence-Alpes-Côte d'Azur,77.0,450,111,9.3,0.5
Ile-de-France,77.0,563,108,7.8,-0.2
Grand Est,77.0,413,90,9.7,-0.6
Nouvelle-Aquitaine,77.0,262,53,9.7,-0.7
Ile-de-France,77.0,455,115,9.7,0.6
Hauts-de-France,77.0,524,110,9.9,-0.5
Ile-de-France,77.0,589,127,8.0,-0.2
Ile-de-France,77.0,701,125,8.0,-0.1
Grand Est,77.0,549,79,8.7,0.7
Grand Est,77.0,712,122,7.8,-0.2
Ile-de-France,77.0,574,113,8.3,0.8
Hauts-de-France,77.0,433,92,8.8,0.0
Grand Est,77.0,270,61,9.5,-0.7
Ile-de-France,77.0,591,146,9.2,-0.4
Centre-Val de Loire,77.0,422,79,8.7,0.1
Ile-de-France,77.0,595,133,8.5,-0.9
Ile-de-France,77.0,383,108,9.5,-0.5
Ile-de-France,77.0,252,57,9.8,0.3
Grand Est,77.0,469,75,9.2,-0.5
Provence-Alpes-Côte d'Azur,77.0,631,147,9.2,0.4
Pays de la Loire,77.0,507,83,11.2,-0.2
Hauts-de-France,77.0,528,124,8.2,-0.6
Hauts-de-France,77.0,440,106,9.3,0.7
Grand Est,77.0,604,126,8.2,0.8
Ile-de-France,77.0,540,121,7.4,-1.3
Ile-de-France,77.0,609,122,7.6,-1.0
Auvergne-Rhône-Alpes,77.0,804,187,8.3,-0.6
Grand Est,77.0,291,52,8.1,-0.8
Ile-de-France,77.0,540,141,6.7,-0.6
Occitanie,77.0,604,132,9.7,1.7
La Réunion,77.0,541,115,9.4,0.3
Centre-Val de Loire,77.0,560,141,9.2,0.8
Auvergne-Rhône-Alpes,77.0,545,132,9.7,0.3
Occitanie,77.0,848,167,9.0,0.2
Nouvelle-Aquitaine,77.0,409,66,9.5,-0.4
Ile-de-France,77.0,353,92,8.5,-0.6
Bourgogne-Franche-Comté,77.0,361,79,8.4,0.6
Ile-de-France,77.0,383,86,10.9,-0.4
Auvergne-Rhône-Alpes,77.0,362,66,9.4,1.6
La Réunion,77.0,678,142,8.6,0.2
Provence-Alpes-Côte d'Azur,77.0,382,86,10.2,0.8
Ile-de-France,77.0,610,137,8.3,-0.6
Occitanie,77.0,717,154,9.8,0.0
Provence-Alpes-Côte d'Azur,77.0,561,70,8.5,0.3
Nouvelle-Aquitaine,77.0,829,178,10.2,-1.0
Grand Est,77.0,790,175,8.3,0.0
Provence-Alpes-Côte d'Azur,77.0,412,109,8.8,0.2
Nouvelle-Aquitaine,77.0,476,116,8.2,-0.2
Ile-de-France,77.0,575,117,7.7,-1.1
Provence-Alpes-Côte d'Azur,77.0,498,112,9.9,-0.5
Ile-de-France,76.0,462,113,8.3,-0.9
Ile-de-France,76.0,727,149,7.4,0.0
Ile-de-France,76.0,460,94,9.6,0.7
Ile-de-France,76.0,640,160,7.0,-0.5
Normandie,76.0,536,109,8.5,0.1
Hauts-de-France,76.0,393,109,8.3,-0.8
Auvergne-Rhône-Alpes,76.0,742,161,9.6,0.9
Occitanie,76.0,615,127,8.7,-0.8
Normandie,76.0,277,58,7.8,-1.2
Nouvelle-Aquitaine,76.0,329,33,9.0,1.0
Centre-Val de Loire,76.0,422,96,9.3,0.1
Occitanie,76.0,642,132,8.5,0.0
Ile-de-France,76.0,336,72,8.0,-0.9
Ile-de-France,76.0,701,177,8.0,-1.0
Ile-de-France,76.0,397,97,8.7,0.3
Hauts-de-France,76.0,287,76,6.7,-2.0
Bourgogne-Franche-Comté,76.0,395,95,9.4,-0.4
Nouvelle-Aquitaine,76.0,564,93,9.5,-0.6
Ile-de-France,76.0,572,152,9.7,0.3
Normandie,76.0,382,70,8.2,-0.1
Ile-de-France,76.0,552,126,7.6,-0.5
Provence-Alpes-Côte d'Azur,76.0,393,83,8.6,-1.5
Occitanie,76.0,703,161,8.9,0.2
Nouvelle-Aquitaine,76.0,332,58,10.0,0.3
Ile-de-France,76.0,455,107,9.5,3.2
Hauts-de-France,76.0,405,78,9.6,0.0
Nouvelle-Aquitaine,76.0,507,122,9.6,-0.9
Ile-de-France,76.0,695,187,9.0,0.6
Hauts-de-France,76.0,383,74,6.9,-1.1
Normandie,76.0,323,50,8.1,-0.3
Provence-Alpes-Côte d'Azur,76.0,678,163,9.0,-1.3
Ile-de-France,76.0,388,96,9.4,-0.1
Normandie,76.0,646,136,9.4,0.9
Pays de la Loire,76.0,362,75,8.5,0.3
Ile-de-France,76.0,392,106,9.1,-0.1
Pays de la Loire,76.0,344,83,9.4,-0.7
Occitanie,76.0,725,151,8.4,-0.6
Auvergne-Rhône-Alpes,76.0,476,112,10.9,0.5
La Réunion,76.0,1001,188,9.9,0.9
Auvergne-Rhône-Alpes,76.0,341,72,6.7,-1.6
Pays de la Loire,76.0,337,105,10.0,0.1
Ile-de-France,76.0,537,121,9.4,1.0
Auvergne-Rhône-Alpes,76.0,466,86,8.4,0.3
Nouvelle-Aquitaine,76.0,579,135,10.2,-0.4
Ile-de-France,76.0,407,90,9.2,-0.6
Hauts-de-France,76.0,707,176,9.5,-0.4
Ile-de-France,76.0,482,118,10.5,1.0
Bourgogne-Franche-Comté,76.0,354,62,8.9,-0.8
Grand Est,76.0,418,99,9.1,-0.8
Ile-de-France,76.0,683,158,9.2,0.6
TOM et Collectivités territoriales,76.0,452,84,4.5,-2.0
Pays de la Loire,76.0,419,51,10.3,-0.1
Ile-de-France,76.0,484,110,7.8,-1.0
Grand Est,76.0,342,67,9.7,0.6
La Réunion,76.0,625,144,7.5,-0.6
Auvergne-Rhône-Alpes,76.0,474,118,9.3,-0.2
Occitanie,76.0,490,80,10.5,2.1
Grand Est,76.0,506,96,9.6,0.1
Ile-de-France,76.0,532,132,8.2,0.0
Normandie,76.0,336,83,7.4,-0.9
Hauts-de-France,76.0,569,104,7.8,-0.3
Auvergne-Rhône-Alpes,76.0,505,102,9.4,0.3
Ile-de-France,76.0,750,166,8.4,-0.4
Normandie,76.0,380,88,9.3,0.5
Nouvelle-Aquitaine,76.0,424,85,9.3,0.0
Pays de la Loire,76.0,607,135,11.3,0.2
Hauts-de-France,76.0,469,102,8.7,0.4
Normandie,76.0,206,46,9.6,-0.3
Bretagne,76.0,672,125,8.8,-0.5
Centre-Val de Loire,76.0,362,75,7.7,-0.7
Bourgogne-Franche-Comté,76.0,680,135,8.9,0.9
Nouvelle-Aquitaine,76.0,467,123,9.5,-0.8
Grand Est,76.0,431,101,8.7,-0.9
Ile-de-France,76.0,252,62,9.7,0.5
Hauts-de-France,76.0,278,66,8.6,-1.1
Centre-Val de Loire,76.0,388,112,9.1,-0.8
Ile-de-France,76.0,382,85,9.0,0.0
Pays de la Loire,76.0,511,112,10.3,-0.5
Hauts-de-France,76.0,278,74,8.3,0.5
Auvergne-Rhône-Alpes,76.0,554,118,9.6,-0.3
Bourgogne-Franche-Comté,76.0,508,113,10.0,0.2
Ile-de-France,76.0,457,119,9.3,0.2
Auvergne-Rhône-Alpes,76.0,705,134,9.4,-0.8
Pays de la Loire,76.0,607,148,10.1,0.2
Ile-de-France,76.0,427,113,8.3,-0.3
Ile-de-France,76.0,637,156,8.0,0.3
Grand Est,76.0,370,92,10.8,-0.1
Auvergne-Rhône-Alpes,75.0,387,73,9.4,-0.1
La Réunion,75.0,462,88,9.2,0.0
Ile-de-France,75.0,460,72,7.7,0.7
Normandie,75.0,257,53,9.0,-0.1
Hauts-de-France,75.0,605,117,6.2,-1.3
Provence-Alpes-Côte d'Azur,75.0,511,114,8.6,0.0
Normandie,75.0,257,53,8.0,-1.2
Ile-de-France,75.0,523,110,8.5,-1.0
Normandie,75.0,321,69,8.9,1.2
Grand Est,75.0,613,122,7.9,-0.5
Hauts-de-France,75.0,298,56,8.8,-0.3
Hauts-de-France,75.0,333,67,8.4,0.7
Ile-de-France,75.0,574,155,8.2,0.4
Hauts-de-France,75.0,307,67,9.2,0.3
Hauts-de-France,75.0,634,116,8.1,0.1
La Réunion,75.0,474,95,8.5,-0.1
Ile-de-France,75.0,513,110,9.2,0.6
Auvergne-Rhône-Alpes,75.0,877,178,8.6,-0.6
Ile-de-France,75.0,383,87,10.8,-0.2
Pays de la Loire,75.0,271,61,9.7,-0.1
Hauts-de-France,75.0,224,55,8.8,0.5
Hauts-de-France,75.0,424,93,8.6,1.6
Auvergne-Rhône-Alpes,75.0,401,63,7.6,0.7
Ile-de-France,75.0,579,118,7.4,-0.8
Grand Est,75.0,375,73,8.0,-0.2
Ile-de-France,75.0,572,135,9.1,0.1
Auvergne-Rhône-Alpes,75.0,770,153,9.3,0.7
Ile-de-France,75.0,537,121,8.9,0.9
Ile-de-France,75.0,425,85,8.0,-0.5
Bretagne,75.0,485,115,8.0,-0.7
Provence-Alpes-Côte d'Azur,75.0,478,93,6.8,-0.9
La Réunion,75.0,314,48,9.9,0.7
Nouvelle-Aquitaine,75.0,623,123,8.9,-1.1
La Réunion,75.0,648,134,9.0,1.0
Auvergne-Rhône-Alpes,75.0,693,166,8.0,-0.5
Ile-de-France,75.0,611,150,8.4,-0.7
Nouvelle-Aquitaine,75.0,429,83,9.7,-0.2
Hauts-de-France,75.0,307,51,8.0,-0.6
Auvergne-Rhône-Alpes,75.0,573,115,10.8,0.3
Ile-de-France,75.0,610,174,8.6,-1.1
Bourgogne-Franche-Comté,75.0,570,103,10.4,0.1
Provence-Alpes-Côte d'Azur,75.0,664,143,8.7,1.1
Nouvelle-Aquitaine,75.0,441,103,8.9,-0.6
Ile-de-France,75.0,575,118,9.2,-0.1
La Réunion,75.0,647,128,6.9,-1.2
Occitanie,75.0,500,119,9.1,-0.7
Occitanie,75.0,475,102,8.0,0.1
Bourgogne-Franche-Comté,75.0,262,60,8.6,-0.5
Occitanie,75.0,663,112,9.1,1.4
Hauts-de-France,75.0,351,67,9.4,0.6
Normandie,75.0,336,77,8.5,-0.9
Grand Est,75.0,549,89,9.8,0.5
Ile-de-France,75.0,576,134,8.7,0.8
Grand Est,75.0,271,51,9.0,-0.1
Ile-de-France,75.0,552,157,8.6,-0.1
Provence-Alpes-Côte d'Azur,75.0,753,150,7.1,0.3
Ile-de-France,75.0,508,118,8.6,-0.9
Hauts-de-France,75.0,681,135,9.4,-0.2
Hauts-de-France,75.0,533,113,8.0,0.6
Nouvelle-Aquitaine,75.0,385,40,9.7,1.2
Ile-de-France,75.0,518,116,9.6,0.5
Auvergne-Rhône-Alpes,75.0,485,103,9.9,-0.8
Occitanie,75.0,602,127,9.4,-0.2
Auvergne-Rhône-Alpes,75.0,407,73,8.3,0.2
Ile-de-France,75.0,512,134,7.3,-0.4
Normandie,75.0,639,139,8.6,-0.3
Hauts-de-France,74.0,278,58,8.0,-0.3
La Réunion,74.0,808,194,9.9,1.4
La Réunion,74.0,678,143,9.9,0.2
Hauts-de-France,74.0,645,126,7.5,-0.2
Ile-de-France,74.0,659,174,8.5,-0.7
Bourgogne-Franche-Comté,74.0,500,104,10.1,0.2
Auvergne-Rhône-Alpes,74.0,602,130,7.7,0.8
Auvergne-Rhône-Alpes,74.0,1111,210,8.0,-1.2
Ile-de-France,74.0,412,80,9.2,-0.2
Nouvelle-Aquitaine,74.0,329,58,10.0,1.2
Normandie,74.0,322,78,7.4,-0.6
Provence-Alpes-Côte d'Azur,74.0,597,130,9.1,0.0
Provence-Alpes-Côte d'Azur,74.0,631,163,7.9,-0.1
Auvergne-Rhône-Alpes,74.0,442,85,8.9,-0.5
Hauts-de-France,74.0,453,72,7.7,-0.7
Provence-Alpes-Côte d'Azur,74.0,488,91,9.4,0.6
Provence-Alpes-Côte d'Azur,74.0,272,69,9.0,0.1
Grand Est,74.0,502,128,8.0,-1.0
La Réunion,74.0,808,178,8.2,0.6
Centre-Val de Loire,74.0,381,91,9.6,-0.9
Provence-Alpes-Côte d'Azur,74.0,504,110,7.5,-0.1
Grand Est,74.0,546,87,8.2,-0.6
Grand Est,74.0,536,146,7.9,-1.0
Centre-Val de Loire,74.0,520,91,9.6,0.3
Grand Est,74.0,183,34,9.4,-0.1
Hauts-de-France,74.0,691,143,8.5,0.0
Hauts-de-France,74.0,512,108,7.4,-0.3
Normandie,74.0,589,122,7.5,-0.7
Hauts-de-France,74.0,298,81,7.7,-0.2
Nouvelle-Aquitaine,74.0,461,92,9.0,0.2
Ile-de-France,74.0,504,117,8.1,-0.9
Ile-de-France,74.0,396,96,11.0,0.4
Centre-Val de Loire,74.0,557,156,8.5,-1.2
Ile-de-France,74.0,413,102,7.8,0.5
Grand Est,74.0,286,50,10.0,1.2
Hauts-de-France,74.0,366,80,10.1,1.1
Corse,74.0,283,68,8.1,-1.5
Ile-de-France,74.0,579,120,8.4,-0.8
Hauts-de-France,74.0,605,110,5.7,-0.4
Hauts-de-France,74.0,542,115,6.7,0.1
Guadeloupe,74.0,568,117,7.0,-0.7
Grand Est,74.0,299,68,10.4,0.1
Ile-de-France,74.0,362,95,8.4,-1.0
Auvergne-Rhône-Alpes,74.0,377,95,8.9,0.1
Grand Est,74.0,452,103,7.5,1.6
Normandie,74.0,386,77,9.5,-0.8
Auvergne-Rhône-Alpes,74.0,563,113,9.5,0.0
Occitanie,74.0,704,160,9.0,-1.7
Provence-Alpes-Côte d'Azur,74.0,596,90,7.8,-0.2
Grand Est,74.0,274,58,10.7,-0.3
Ile-de-France,74.0,414,84,7.1,-0.7
Hauts-de-France,74.0,508,80,7.2,0.1
Ile-de-France,74.0,583,141,8.5,-0.3
Grand Est,74.0,607,141,8.3,0.4
Hauts-de-France,74.0,638,119,8.9,-0.3
Bourgogne-Franche-Comté,74.0,361,90,8.7,-0.6
Ile-de-France,74.0,742,176,8.7,-0.5
Bourgogne-Franche-Comté,74.0,584,111,10.1,-0.2
Grand Est,74.0,450,106,7.9,-0.8
Occitanie,74.0,412,77,9.4,-1.0
Provence-Alpes-Côte d'Azur,74.0,450,81,7.5,-0.4
Auvergne-Rhône-Alpes,74.0,524,102,9.6,0.8
Occitanie,74.0,503,121,9.8,-0.4
Ile-de-France,74.0,687,152,8.2,-0.1
Ile-de-France,74.0,268,76,9.0,-0.7
Hauts-de-France,74.0,297,74,8.8,-0.2
Pays de la Loire,74.0,421,82,11.1,-0.5
Bourgogne-Franche-Comté,74.0,354,70,9.4,-1.2
Normandie,74.0,290,57,9.5,-0.4
Nouvelle-Aquitaine,74.0,541,90,10.0,-0.2
Hauts-de-France,74.0,379,82,8.5,0.6
Occitanie,74.0,602,129,8.9,0.5
Grand Est,74.0,455,90,6.7,-1.8
Pays de la Loire,74.0,369,92,8.7,-0.2
Provence-Alpes-Côte d'Azur,73.0,298,73,6.3,-1.0
Hauts-de-France,73.0,307,79,8.0,0.8
Normandie,73.0,207,33,9.1,-0.2
Grand Est,73.0,429,113,7.2,-0.5
Nouvelle-Aquitaine,73.0,847,176,8.1,-0.5
Hauts-de-France,73.0,460,115,9.0,-0.6
Auvergne-Rhône-Alpes,73.0,429,84,8.3,-0.2
Normandie,73.0,290,59,9.1,-0.4
Ile-de-France,73.0,542,146,8.7,0.6
Hauts-de-France,73.0,378,73,8.5,0.1
Normandie,73.0,455,106,8.2,-0.3
Hauts-de-France,73.0,364,71,8.9,0.5
Grand Est,73.0,492,91,8.5,0.1
La Réunion,73.0,740,137,7.5,-0.3
Hauts-de-France,73.0,471,97,7.9,0.7
Ile-de-France,73.0,597,111,8.0,-0.6
Hauts-de-France,73.0,706,158,8.1,-0.4
Auvergne-Rhône-Alpes,73.0,341,82,7.8,-0.4
Auvergne-Rhône-Alpes,73.0,596,156,10.0,0.2
Pays de la Loire,73.0,426,77,9.4,0.4
Occitanie,73.0,781,164,8.0,-0.7
Auvergne-Rhône-Alpes,73.0,373,90,10.0,1.8
Ile-de-France,73.0,862,176,7.6,0.1
Provence-Alpes-Côte d'Azur,73.0,539,140,8.3,-0.7
Hauts-de-France,73.0,638,135,8.0,-0.4
Nouvelle-Aquitaine,73.0,262,55,9.3,-0.7
Hauts-de-France,73.0,307,52,8.1,-0.6
Provence-Alpes-Côte d'Azur,73.0,591,102,6.6,-1.1
Ile-de-France,73.0,551,135,7.5,-0.5
Nouvelle-Aquitaine,73.0,687,150,9.7,-0.3
Bourgogne-Franche-Comté,73.0,445,96,7.9,-1.2
Hauts-de-France,73.0,508,86,10.3,0.5
Centre-Val de Loire,73.0,441,106,9.3,0.7
Occitanie,73.0,662,138,7.9,0.4
Normandie,73.0,415,67,8.3,-0.2
Bretagne,73.0,411,77,9.8,0.3
Bretagne,73.0,363,67,8.2,-1.1
Ile-de-France,73.0,427,114,6.9,-0.1
Hauts-de-France,73.0,471,103,6.2,-0.7
Centre-Val de Loire,73.0,270,60,8.7,-1.1
Bourgogne-Franche-Comté,73.0,262,59,9.0,-0.5
Ile-de-France,73.0,459,107,8.0,-0.7
Ile-de-France,73.0,593,139,8.1,0.5
Grand Est,73.0,392,90,8.2,-0.6
La Réunion,73.0,631,144,8.2,-0.4
Auvergne-Rhône-Alpes,73.0,420,88,9.4,0.1
Provence-Alpes-Côte d'Azur,73.0,540,103,7.5,-0.4
Hauts-de-France,73.0,552,123,8.8,-0.5
Grand Est,73.0,425,78,9.1,-0.4
Hauts-de-France,72.0,701,159,9.1,-0.1
Provence-Alpes-Côte d'Azur,72.0,565,137,9.0,0.0
Grand Est,72.0,536,142,9.1,-0.8
Normandie,72.0,297,65,8.1,-0.4
Occitanie,72.0,649,138,8.7,-1.2
Auvergne-Rhône-Alpes,72.0,429,87,9.3,0.1
Hauts-de-France,72.0,497,114,8.5,0.0
Provence-Alpes-Côte d'Azur,72.0,591,101,7.9,0.0
Provence-Alpes-Côte d'Azur,72.0,512,95,8.0,-1.0
Auvergne-Rhône-Alpes,72.0,485,106,8.2,-1.7
Hauts-de-France,72.0,300,78,9.2,0.3
La Réunion,72.0,776,187,9.5,0.4
Pays de la Loire,72.0,340,71,7.7,0.1
Nouvelle-Aquitaine,72.0,904,197,9.1,-0.7
Occitanie,72.0,517,108,8.9,-0.7
La Réunion,72.0,730,163,8.6,0.1
Auvergne-Rhône-Alpes,72.0,641,133,8.8,-0.9
Auvergne-Rhône-Alpes,72.0,492,108,8.5,0.4
Provence-Alpes-Côte d'Azur,72.0,606,130,7.3,-0.5
Nouvelle-Aquitaine,72.0,904,162,8.1,-0.2
Auvergne-Rhône-Alpes,72.0,442,80,7.9,-0.6
Provence-Alpes-Côte d'Azur,72.0,605,134,8.1,-0.4
Occitanie,72.0,604,144,8.2,-1.2
Hauts-de-France,72.0,427,82,8.2,-0.5
Ile-de-France,72.0,694,153,7.5,-1.1
Hauts-de-France,72.0,509,123,9.0,-0.4
Nouvelle-Aquitaine,72.0,507,139,8.9,0.2
Martinique,72.0,385,82,7.0,-1.5
La Réunion,72.0,474,99,8.8,-0.9
Centre-Val de Loire,72.0,362,79,6.8,0.0
Bourgogne-Franche-Comté,72.0,570,89,9.6,-0.3
Auvergne-Rhône-Alpes,72.0,1111,250,8.4,-1.4
Auvergne-Rhône-Alpes,72.0,466,111,9.7,1.0
Auvergne-Rhône-Alpes,72.0,610,137,7.9,-0.5
Ile-de-France,72.0,610,148,8.9,0.0
Ile-de-France,72.0,481,109,9.1,0.8
Ile-de-France,72.0,481,112,8.7,-0.2
Grand Est,71.0,758,146,7.9,-0.1
Auvergne-Rhône-Alpes,71.0,742,131,9.1,1.5
Hauts-de-France,71.0,459,96,8.1,-0.4
Nouvelle-Aquitaine,71.0,695,175,9.0,-0.5
Auvergne-Rhône-Alpes,71.0,505,129,8.3,1.1
Nouvelle-Aquitaine,71.0,646,119,8.9,-0.6
Occitanie,71.0,422,79,10.6,-0.5
Grand Est,71.0,431,100,7.1,-0.7
Hauts-de-France,71.0,528,113,6.5,-1.1
Pays de la Loire,71.0,244,42,7.7,1.2
Bourgogne-Franche-Comté,71.0,516,83,8.0,-0.3
Auvergne-Rhône-Alpes,71.0,804,168,8.4,0.1
Nouvelle-Aquitaine,71.0,424,69,8.6,0.0
Provence-Alpes-Côte d'Azur,71.0,298,49,8.1,-1.0
Hauts-de-France,71.0,460,80,9.5,1.5
Auvergne-Rhône-Alpes,71.0,963,207,9.1,-0.9
Centre-Val de Loire,71.0,388,99,8.0,-0.6
Auvergne-Rhône-Alpes,71.0,443,96,8.2,-0.8
Nouvelle-Aquitaine,71.0,581,109,9.9,-0.3
Hauts-de-France,71.0,412,75,6.7,-0.5
Occitanie,71.0,717,131,8.5,-0.2
Auvergne-Rhône-Alpes,71.0,431,77,8.7,-0.6
Provence-Alpes-Côte d'Azur,71.0,445,99,9.4,-0.1
Auvergne-Rhône-Alpes,71.0,610,144,8.0,-1.8
Grand Est,71.0,606,138,9.6,-0.1
Hauts-de-France,71.0,509,124,8.2,-0.5
Pays de la Loire,71.0,317,68,8.0,0.7
Auvergne-Rhône-Alpes,71.0,461,109,8.1,-0.5
Provence-Alpes-Côte d'Azur,71.0,664,128,7.6,0.0
Nouvelle-Aquitaine,71.0,687,154,8.6,-0.4
Ile-de-France,71.0,637,140,8.9,0.3
Hauts-de-France,71.0,691,167,9.2,-0.3
Provence-Alpes-Côte d'Azur,71.0,511,111,7.2,-0.5
Pays de la Loire,71.0,256,65,8.4,1.3
Ile-de-France,71.0,498,92,8.1,0.6
Ile-de-France,71.0,608,119,7.2,-0.5
Grand Est,71.0,347,75,9.1,-0.3
Ile-de-France,70.0,500,107,8.7,-0.6
Bourgogne-Franche-Comté,70.0,387,77,7.6,-0.7
Grand Est,70.0,452,110,7.6,-0.1
Hauts-de-France,70.0,818,168,9.4,-0.5
Hauts-de-France,70.0,417,82,8.1,-0.4
Ile-de-France,70.0,596,143,8.0,-1.0
Normandie,70.0,255,63,8.7,-0.9
Ile-de-France,70.0,672,151,7.5,-0.7
Ile-de-France,70.0,348,74,6.4,-0.3
Hauts-de-France,70.0,458,88,8.6,1.1
Nouvelle-Aquitaine,70.0,488,122,9.9,-0.6
Occitanie,70.0,800,154,9.1,-0.8
Ile-de-France,70.0,598,127,7.4,-1.4
Auvergne-Rhône-Alpes,70.0,407,71,9.1,0.5
Provence-Alpes-Côte d'Azur,70.0,753,156,7.7,-0.5
Bourgogne-Franche-Comté,70.0,415,80,9.8,0.1
Hauts-de-France,70.0,515,132,8.5,0.7
Pays de la Loire,70.0,507,101,10.0,0.0
Grand Est,70.0,403,71,8.1,-0.5
Occitanie,70.0,412,60,8.7,-0.3
Pays de la Loire,70.0,464,107,9.4,2.1
Hauts-de-France,70.0,689,159,8.2,0.4
Occitanie,70.0,586,121,7.9,0.4
Ile-de-France,70.0,460,102,8.3,-0.3
Auvergne-Rhône-Alpes,70.0,641,118,7.9,-0.4
Nouvelle-Aquitaine,70.0,332,64,9.0,-0.4
Occitanie,70.0,489,118,8.6,-0.3
Ile-de-France,70.0,323,98,6.7,-1.2
Ile-de-France,70.0,410,90,9.5,0.5
Nouvelle-Aquitaine,70.0,564,91,8.2,0.3
Auvergne-Rhône-Alpes,70.0,563,113,9.8,0.3
Normandie,70.0,291,57,8.0,-1.3
Centre-Val de Loire,70.0,497,104,8.6,-0.5
Hauts-de-France,70.0,508,104,9.1,0.3
Provence-Alpes-Côte d'Azur,70.0,512,93,7.0,-1.1
Occitanie,70.0,707,148,7.9,-0.4
Hauts-de-France,70.0,818,162,10.2,-0.1
Ile-de-France,70.0,462,96,7.3,-1.0
Bourgogne-Franche-Comté,70.0,680,140,8.2,0.6
Centre-Val de Loire,70.0,520,115,7.4,-0.4
Occitanie,70.0,401,84,8.5,0.2
Hauts-de-France,70.0,378,63,9.3,0.1
Hauts-de-France,70.0,433,102,6.6,-0.5
La Réunion,69.0,1126,240,8.3,-0.2
Pays de la Loire,69.0,217,35,9.5,-0.1
Normandie,69.0,447,103,10.1,0.1
Hauts-de-France,69.0,816,217,9.4,0.8
Pays de la Loire,69.0,575,125,9.3,-0.6
Nouvelle-Aquitaine,69.0,541,95,9.0,-1.0
Ile-de-France,69.0,659,133,7.4,-0.7
Provence-Alpes-Côte d'Azur,69.0,504,105,7.6,-0.8
Normandie,69.0,257,64,8.0,0.4
Grand Est,69.0,464,106,8.9,-1.2
Auvergne-Rhône-Alpes,69.0,373,88,8.7,0.1
Grand Est,69.0,538,121,9.7,-0.3
Ile-de-France,69.0,724,170,8.5,-0.7
Hauts-de-France,69.0,689,151,7.5,0.4
Provence-Alpes-Côte d'Azur,69.0,533,93,8.1,-0.1
Normandie,69.0,297,65,6.6,-0.9
Grand Est,69.0,604,121,9.2,0.5
Nouvelle-Aquitaine,69.0,502,105,8.9,0.2
Nouvelle-Aquitaine,69.0,187,42,9.4,-1.1
Grand Est,69.0,429,110,8.3,-0.7
Hauts-de-France,69.0,508,86,7.2,-0.5
Occitanie,69.0,503,108,8.4,-0.3
La Réunion,69.0,494,97,8.5,0.2
Guadeloupe,69.0,233,62,7.6,-1.7
Auvergne-Rhône-Alpes,69.0,474,118,8.6,0.2
Grand Est,69.0,267,61,9.8,-0.1
Auvergne-Rhône-Alpes,69.0,609,115,7.3,0.1
Bourgogne-Franche-Comté,69.0,508,130,8.5,-0.2
Auvergne-Rhône-Alpes,69.0,766,157,8.0,0.2
Centre-Val de Loire,69.0,214,61,8.1,-0.8
La Réunion,69.0,625,125,9.8,0.9
Ile-de-France,69.0,348,84,8.5,0.5
Pays de la Loire,69.0,337,84,9.3,0.9
Auvergne-Rhône-Alpes,69.0,492,122,7.6,-0.8
Grand Est,69.0,272,58,8.5,0.4
Centre-Val de Loire,69.0,715,131,9.7,0.1
Grand Est,69.0,272,64,9.0,-0.2
La Réunion,69.0,494,109,7.9,-0.3
Auvergne-Rhône-Alpes,69.0,563,108,8.0,0.1
Martinique,69.0,456,84,7.4,-1.3
Hauts-de-France,69.0,293,65,10.0,0.3
Auvergne-Rhône-Alpes,69.0,593,143,9.3,0.5
Hauts-de-France,69.0,270,55,8.5,-0.4
Hauts-de-France,68.0,526,110,9.6,-0.3
Hauts-de-France,68.0,349,76,9.8,0.8
Nouvelle-Aquitaine,68.0,429,87,8.4,-0.9
Ile-de-France,68.0,682,137,7.6,-0.8
Provence-Alpes-Côte d'Azur,68.0,366,68,7.1,-0.8
Occitanie,68.0,478,105,7.7,-0.6
Normandie,68.0,447,85,8.6,-0.1
Guadeloupe,68.0,568,107,7.4,-1.5
Hauts-de-France,68.0,328,71,8.2,-0.2
Grand Est,68.0,494,88,9.2,0.3
Occitanie,68.0,604,122,7.1,-1.0
Bourgogne-Franche-Comté,68.0,608,104,9.0,1.0
Hauts-de-France,68.0,813,168,7.6,-1.3
Pays de la Loire,68.0,335,57,8.0,0.4
Centre-Val de Loire,68.0,381,114,9.5,-0.5
Pays de la Loire,68.0,464,98,9.4,1.2
Ile-de-France,68.0,609,132,6.5,-1.7
Bretagne,68.0,485,124,7.4,-1.0
Martinique,68.0,293,72,6.0,-1.3
Grand Est,68.0,607,137,9.5,-0.2
Ile-de-France,68.0,542,140,7.8,0.5
Ile-de-France,68.0,508,109,9.6,-0.5
Bourgogne-Franche-Comté,68.0,584,110,9.5,0.3
Hauts-de-France,68.0,634,130,8.5,-0.8
Occitanie,68.0,372,75,8.8,0.0
Centre-Val de Loire,68.0,612,158,8.9,0.1
Hauts-de-France,67.0,403,87,7.8,-0.3
Provence-Alpes-Côte d'Azur,67.0,533,94,8.0,-0.3
Hauts-de-France,67.0,354,79,7.6,-1.3
Auvergne-Rhône-Alpes,67.0,252,54,8.5,0.4
La Réunion,67.0,843,159,8.2,-0.4
Hauts-de-France,67.0,293,69,8.6,0.1
Hauts-de-France,67.0,298,60,6.0,-1.8
Ile-de-France,67.0,482,113,7.7,-0.5
Hauts-de-France,67.0,453,94,7.4,-0.9
Auvergne-Rhône-Alpes,67.0,651,165,8.8,-0.2
Pays de la Loire,67.0,369,93,8.4,0.0
Pays de la Loire,67.0,340,89,7.9,0.5
Auvergne-Rhône-Alpes,67.0,554,147,8.1,0.1
Grand Est,67.0,546,141,8.6,-0.4
Hauts-de-France,67.0,526,107,9.3,0.0
Normandie,66.0,398,83,7.9,0.6
Ile-de-France,66.0,371,83,8.2,-0.2
Bretagne,66.0,382,59,7.7,-0.4
Ile-de-France,66.0,600,103,6.4,-0.4
Ile-de-France,66.0,724,155,7.1,-0.5
Nouvelle-Aquitaine,66.0,476,95,8.5,-0.7
Ile-de-France,66.0,563,105,8.3,0.0
Ile-de-France,66.0,500,99,7.3,-1.2
Centre-Val de Loire,66.0,715,158,7.5,-1.2
Grand Est,66.0,198,41,10.3,0.7
Grand Est,66.0,343,71,6.6,-0.7
Auvergne-Rhône-Alpes,66.0,647,137,7.9,0.0
Normandie,65.0,290,65,9.3,0.3
Provence-Alpes-Côte d'Azur,65.0,459,92,6.8,-0.6
Ile-de-France,65.0,575,144,8.3,0.0
Auvergne-Rhône-Alpes,65.0,377,71,7.5,0.2
Ile-de-France,65.0,687,155,7.0,0.0
Nouvelle-Aquitaine,65.0,226,43,8.0,-0.2
Centre-Val de Loire,65.0,339,68,8.8,-0.5
Grand Est,65.0,581,128,8.3,-0.7
Occitanie,65.0,534,122,8.4,-0.6
Ile-de-France,65.0,646,166,9.6,1.1
Hauts-de-France,65.0,533,94,8.3,-0.1
Ile-de-France,64.0,724,146,7.7,-0.9
Auvergne-Rhône-Alpes,64.0,563,125,7.8,-0.6
Ile-de-France,64.0,572,132,8.0,0.3
Provence-Alpes-Côte d'Azur,64.0,412,106,6.5,-0.4
Hauts-de-France,64.0,460,81,7.9,0.3
Hauts-de-France,64.0,542,118,7.3,-0.5
Ile-de-France,64.0,560,106,7.6,-0.4
Auvergne-Rhône-Alpes,64.0,475,118,8.9,-0.4
Auvergne-Rhône-Alpes,64.0,573,118,10.1,-0.4
Occitanie,64.0,534,111,7.5,-0.5
Grand Est,63.0,567,119,8.4,-1.8
Hauts-de-France,63.0,298,62,6.1,-1.9
Auvergne-Rhône-Alpes,63.0,252,62,8.6,0.3
Ile-de-France,63.0,597,146,7.0,-0.3
Provence-Alpes-Côte d'Azur,63.0,447,87,6.9,-0.4
Hauts-de-France,63.0,493,120,8.9,0.1
Centre-Val de Loire,63.0,339,60,7.9,-0.6
Hauts-de-France,63.0,298,49,9.1,0.1
Ile-de-France,63.0,550,129,7.9,0.6
Bretagne,63.0,476,81,8.6,-1.1
Hauts-de-France,63.0,686,136,8.0,-0.2
Ile-de-France,63.0,268,76,7.4,-0.9
Ile-de-France,63.0,618,129,7.6,-0.3
Grand Est,62.0,608,93,7.3,-0.1
Occitanie,62.0,662,100,6.7,-0.6
Bourgogne-Franche-Comté,62.0,381,74,8.0,-0.6
Bourgogne-Franche-Comté,62.0,335,68,8.9,-1.7
Normandie,62.0,403,100,7.0,-0.7
La Réunion,62.0,647,144,7.1,-0.1
Ile-de-France,62.0,388,95,9.7,-0.8
Nouvelle-Aquitaine,62.0,292,45,7.7,-0.8
Auvergne-Rhône-Alpes,62.0,401,89,7.9,-0.5
Occitanie,62.0,454,94,8.6,-0.2
Martinique,62.0,241,60,6.2,-0.9
Auvergne-Rhône-Alpes,62.0,524,93,7.7,0.2
Grand Est,61.0,399,115,9.1,-0.8
Pays de la Loire,61.0,401,90,8.3,0.8
Ile-de-France,61.0,535,128,6.9,-0.1
Hauts-de-France,61.0,328,62,8.3,0.7
Nouvelle-Aquitaine,61.0,488,122,8.6,-0.4
Pays de la Loire,61.0,256,49,8.2,0.2
Grand Est,61.0,712,148,5.5,-1.3
Occitanie,60.0,489,111,7.0,-0.7
Ile-de-France,60.0,360,85,7.2,-0.2
Hauts-de-France,60.0,686,174,9.1,-0.2
Auvergne-Rhône-Alpes,59.0,482,110,7.7,-0.8
Guadeloupe,59.0,219,64,6.1,-1.1
Nouvelle-Aquitaine,58.0,249,48,7.5,-1.1
Hauts-de-France,58.0,377,62,5.9,-1.2
Auvergne-Rhône-Alpes,57.0,218,56,7.7,-0.5
Grand Est,57.0,418,98,7.2,-0.8
Hauts-de-France,54.0,298,57,7.8,0.6
Nouvelle-Aquitaine,54.0,226,37,7.2,0.0
Nouvelle-Aquitaine,47.0,249,53,6.4,-1.3
